"customer_id","rfm_score","group_name"
3118,555,"01- Champions"
1000,555,"01- Champions"
934,555,"01- Champions"
3402,555,"01- Champions"
346,555,"01- Champions"
1357,555,"01- Champions"
2826,555,"01- Champions"
174,555,"01- Champions"
234,555,"01- Champions"
2879,555,"01- Champions"
2822,555,"01- Champions"
953,555,"01- Champions"
195,555,"01- Champions"
1317,555,"01- Champions"
1033,555,"01- Champions"
3157,555,"01- Champions"
2428,555,"01- Champions"
1905,555,"01- Champions"
2992,555,"01- Champions"
3286,555,"01- Champions"
1396,555,"01- Champions"
91,555,"01- Champions"
3433,555,"01- Champions"
1076,555,"01- Champions"
1625,555,"01- Champions"
973,555,"01- Champions"
739,555,"01- Champions"
165,555,"01- Champions"
2103,555,"01- Champions"
1558,555,"01- Champions"
1991,555,"01- Champions"
793,555,"01- Champions"
344,555,"01- Champions"
2860,555,"01- Champions"
322,555,"01- Champions"
2183,555,"01- Champions"
2816,555,"01- Champions"
298,555,"01- Champions"
669,555,"01- Champions"
2476,555,"01- Champions"
3217,555,"01- Champions"
3232,555,"01- Champions"
200,555,"01- Champions"
515,555,"01- Champions"
2850,555,"01- Champions"
2369,555,"01- Champions"
637,555,"01- Champions"
2659,555,"01- Champions"
37,555,"01- Champions"
2747,555,"01- Champions"
1404,555,"01- Champions"
3191,555,"01- Champions"
3251,555,"01- Champions"
2929,555,"01- Champions"
2492,555,"01- Champions"
2761,555,"01- Champions"
1792,555,"01- Champions"
1438,555,"01- Champions"
3199,555,"01- Champions"
1140,555,"01- Champions"
239,555,"01- Champions"
2523,555,"01- Champions"
2111,555,"01- Champions"
534,555,"01- Champions"
3337,555,"01- Champions"
1086,555,"01- Champions"
729,555,"01- Champions"
2737,555,"01- Champions"
2836,555,"01- Champions"
1331,555,"01- Champions"
1530,555,"01- Champions"
1137,555,"01- Champions"
1802,555,"01- Champions"
768,555,"01- Champions"
946,555,"01- Champions"
2606,555,"01- Champions"
3290,555,"01- Champions"
3470,555,"01- Champions"
2060,555,"01- Champions"
117,555,"01- Champions"
3420,555,"01- Champions"
2308,555,"01- Champions"
235,555,"01- Champions"
25,555,"01- Champions"
2340,555,"01- Champions"
3048,555,"01- Champions"
1068,555,"01- Champions"
2023,555,"01- Champions"
1329,555,"01- Champions"
1748,555,"01- Champions"
1885,555,"01- Champions"
3080,555,"01- Champions"
1232,555,"01- Champions"
2464,555,"01- Champions"
1706,555,"01- Champions"
1722,555,"01- Champions"
621,555,"01- Champions"
2695,555,"01- Champions"
89,555,"01- Champions"
3044,555,"01- Champions"
1054,554,"01- Champions"
1407,554,"01- Champions"
1970,554,"01- Champions"
2130,554,"01- Champions"
2029,554,"01- Champions"
2152,554,"01- Champions"
886,554,"01- Champions"
1470,554,"01- Champions"
1478,554,"01- Champions"
3427,554,"01- Champions"
3262,554,"01- Champions"
1578,445,"01- Champions"
3057,445,"01- Champions"
3283,545,"01- Champions"
533,545,"01- Champions"
1787,545,"01- Champions"
381,555,"01- Champions"
368,554,"01- Champions"
925,554,"01- Champions"
2057,445,"01- Champions"
1110,445,"01- Champions"
1694,445,"01- Champions"
1644,445,"01- Champions"
1133,445,"01- Champions"
363,445,"01- Champions"
1300,445,"01- Champions"
2947,445,"01- Champions"
1551,445,"01- Champions"
1967,445,"01- Champions"
682,445,"01- Champions"
1440,445,"01- Champions"
1616,445,"01- Champions"
40,445,"01- Champions"
2651,445,"01- Champions"
94,445,"01- Champions"
823,445,"01- Champions"
1449,445,"01- Champions"
3379,445,"01- Champions"
1451,445,"01- Champions"
3411,445,"01- Champions"
1863,445,"01- Champions"
395,445,"01- Champions"
69,445,"01- Champions"
3201,445,"01- Champions"
2201,445,"01- Champions"
706,445,"01- Champions"
2603,445,"01- Champions"
2247,445,"01- Champions"
2841,445,"01- Champions"
2367,445,"01- Champions"
425,445,"01- Champions"
237,454,"01- Champions"
1483,454,"01- Champions"
2509,454,"01- Champions"
3388,454,"01- Champions"
1274,454,"01- Champions"
1707,454,"01- Champions"
500,454,"01- Champions"
634,454,"01- Champions"
2067,454,"01- Champions"
1152,454,"01- Champions"
1567,454,"01- Champions"
2204,454,"01- Champions"
2955,454,"01- Champions"
3382,454,"01- Champions"
1817,454,"01- Champions"
2946,454,"01- Champions"
1353,454,"01- Champions"
58,454,"01- Champions"
1049,454,"01- Champions"
2680,454,"01- Champions"
127,454,"01- Champions"
307,454,"01- Champions"
1007,454,"01- Champions"
357,454,"01- Champions"
906,454,"01- Champions"
723,454,"01- Champions"
2832,454,"01- Champions"
3264,454,"01- Champions"
2633,454,"01- Champions"
2083,454,"01- Champions"
3451,454,"01- Champions"
136,454,"01- Champions"
3143,454,"01- Champions"
3330,454,"01- Champions"
1812,454,"01- Champions"
1194,454,"01- Champions"
197,454,"01- Champions"
87,454,"01- Champions"
3407,454,"01- Champions"
903,454,"01- Champions"
1589,545,"01- Champions"
2536,545,"01- Champions"
576,545,"01- Champions"
310,545,"01- Champions"
2961,545,"01- Champions"
995,545,"01- Champions"
270,545,"01- Champions"
2729,545,"01- Champions"
419,545,"01- Champions"
2458,545,"01- Champions"
374,545,"01- Champions"
721,545,"01- Champions"
312,545,"01- Champions"
1378,545,"01- Champions"
1299,545,"01- Champions"
3105,545,"01- Champions"
2017,545,"01- Champions"
2053,545,"01- Champions"
1306,545,"01- Champions"
2301,545,"01- Champions"
2856,545,"01- Champions"
2386,545,"01- Champions"
545,545,"01- Champions"
62,545,"01- Champions"
2791,545,"01- Champions"
1629,545,"01- Champions"
1328,545,"01- Champions"
2794,545,"01- Champions"
829,545,"01- Champions"
3074,545,"01- Champions"
3467,545,"01- Champions"
2418,545,"01- Champions"
151,545,"01- Champions"
3181,545,"01- Champions"
1252,545,"01- Champions"
3315,545,"01- Champions"
1313,545,"01- Champions"
538,545,"01- Champions"
52,545,"01- Champions"
2865,545,"01- Champions"
2374,545,"01- Champions"
182,545,"01- Champions"
3169,545,"01- Champions"
2937,545,"01- Champions"
498,545,"01- Champions"
3225,545,"01- Champions"
1028,545,"01- Champions"
1492,545,"01- Champions"
1830,545,"01- Champions"
2796,544,"01- Champions"
2304,544,"01- Champions"
786,544,"01- Champions"
2851,544,"01- Champions"
1763,544,"01- Champions"
3007,544,"01- Champions"
2427,544,"01- Champions"
318,544,"01- Champions"
1088,544,"01- Champions"
1994,544,"01- Champions"
465,544,"01- Champions"
2195,544,"01- Champions"
1158,544,"01- Champions"
1062,544,"01- Champions"
1770,544,"01- Champions"
1014,544,"01- Champions"
1893,544,"01- Champions"
2005,544,"01- Champions"
1184,544,"01- Champions"
1540,544,"01- Champions"
1182,544,"01- Champions"
2585,544,"01- Champions"
1760,544,"01- Champions"
716,544,"01- Champions"
2698,544,"01- Champions"
1577,544,"01- Champions"
2597,544,"01- Champions"
668,544,"01- Champions"
1445,544,"01- Champions"
1721,544,"01- Champions"
2884,544,"01- Champions"
796,544,"01- Champions"
593,544,"01- Champions"
1713,544,"01- Champions"
2033,544,"01- Champions"
3335,544,"01- Champions"
3227,544,"01- Champions"
3241,544,"01- Champions"
736,544,"01- Champions"
1289,544,"01- Champions"
1318,544,"01- Champions"
124,544,"01- Champions"
1446,544,"01- Champions"
3495,544,"01- Champions"
1953,544,"01- Champions"
3344,544,"01- Champions"
1326,544,"01- Champions"
1303,544,"01- Champions"
633,544,"01- Champions"
185,544,"01- Champions"
2505,554,"01- Champions"
3375,554,"01- Champions"
180,554,"01- Champions"
719,554,"01- Champions"
2149,554,"01- Champions"
2465,554,"01- Champions"
3202,554,"01- Champions"
704,554,"01- Champions"
2859,554,"01- Champions"
656,554,"01- Champions"
640,554,"01- Champions"
1461,445,"01- Champions"
396,445,"01- Champions"
2528,445,"01- Champions"
2888,445,"01- Champions"
1291,445,"01- Champions"
2260,445,"01- Champions"
1144,445,"01- Champions"
1917,445,"01- Champions"
1868,445,"01- Champions"
1845,445,"01- Champions"
1554,445,"01- Champions"
2170,445,"01- Champions"
2683,445,"01- Champions"
815,445,"01- Champions"
2360,445,"01- Champions"
3421,454,"01- Champions"
1074,454,"01- Champions"
2266,454,"01- Champions"
594,455,"01- Champions"
1473,455,"01- Champions"
1698,455,"01- Champions"
1103,455,"01- Champions"
936,455,"01- Champions"
1811,455,"01- Champions"
844,455,"01- Champions"
2240,455,"01- Champions"
2385,455,"01- Champions"
1332,455,"01- Champions"
2620,455,"01- Champions"
2770,455,"01- Champions"
2565,455,"01- Champions"
1591,455,"01- Champions"
41,455,"01- Champions"
1788,455,"01- Champions"
1302,455,"01- Champions"
1623,544,"01- Champions"
2705,555,"01- Champions"
99,555,"01- Champions"
2109,555,"01- Champions"
1115,555,"01- Champions"
2120,555,"01- Champions"
2379,555,"01- Champions"
725,555,"01- Champions"
820,555,"01- Champions"
2548,555,"01- Champions"
2653,555,"01- Champions"
1084,555,"01- Champions"
605,555,"01- Champions"
2070,555,"01- Champions"
3060,455,"01- Champions"
2454,455,"01- Champions"
2138,455,"01- Champions"
3326,455,"01- Champions"
2799,455,"01- Champions"
273,455,"01- Champions"
1696,455,"01- Champions"
2986,455,"01- Champions"
213,455,"01- Champions"
3431,455,"01- Champions"
1021,455,"01- Champions"
2755,455,"01- Champions"
80,455,"01- Champions"
2733,455,"01- Champions"
1517,455,"01- Champions"
2815,455,"01- Champions"
2574,455,"01- Champions"
3482,455,"01- Champions"
1547,455,"01- Champions"
2210,455,"01- Champions"
2726,455,"01- Champions"
204,455,"01- Champions"
760,455,"01- Champions"
2433,455,"01- Champions"
2740,455,"01- Champions"
1537,455,"01- Champions"
1129,455,"01- Champions"
50,455,"01- Champions"
1853,455,"01- Champions"
1502,455,"01- Champions"
139,455,"01- Champions"
1113,455,"01- Champions"
3117,455,"01- Champions"
728,455,"01- Champions"
833,455,"01- Champions"
2036,455,"01- Champions"
1597,455,"01- Champions"
1272,455,"01- Champions"
765,455,"01- Champions"
445,455,"01- Champions"
1106,455,"01- Champions"
2686,455,"01- Champions"
2887,455,"01- Champions"
1821,455,"01- Champions"
1627,455,"01- Champions"
1237,455,"01- Champions"
353,455,"01- Champions"
724,455,"01- Champions"
987,455,"01- Champions"
8,455,"01- Champions"
2537,455,"01- Champions"
29,455,"01- Champions"
1102,455,"01- Champions"
2401,455,"01- Champions"
432,455,"01- Champions"
1858,455,"01- Champions"
2468,455,"01- Champions"
1762,455,"01- Champions"
2383,455,"01- Champions"
720,455,"01- Champions"
2095,455,"01- Champions"
461,455,"01- Champions"
1493,455,"01- Champions"
2101,455,"01- Champions"
1599,455,"01- Champions"
1957,455,"01- Champions"
2702,455,"01- Champions"
3295,455,"01- Champions"
2155,455,"01- Champions"
516,455,"01- Champions"
2400,455,"01- Champions"
2076,455,"01- Champions"
2932,455,"01- Champions"
3014,455,"01- Champions"
769,455,"01- Champions"
614,455,"01- Champions"
2132,455,"01- Champions"
2880,455,"01- Champions"
404,455,"01- Champions"
1494,455,"01- Champions"
2182,455,"01- Champions"
3258,455,"01- Champions"
877,455,"01- Champions"
832,455,"01- Champions"
695,455,"01- Champions"
2762,455,"01- Champions"
1942,455,"01- Champions"
173,455,"01- Champions"
1346,455,"01- Champions"
2013,455,"01- Champions"
1428,455,"01- Champions"
790,455,"01- Champions"
902,455,"01- Champions"
167,455,"01- Champions"
1233,455,"01- Champions"
171,455,"01- Champions"
2993,554,"01- Champions"
407,554,"01- Champions"
1098,554,"01- Champions"
2072,554,"01- Champions"
2425,554,"01- Champions"
260,554,"01- Champions"
109,554,"01- Champions"
1519,554,"01- Champions"
2498,554,"01- Champions"
2728,554,"01- Champions"
377,554,"01- Champions"
1950,554,"01- Champions"
142,554,"01- Champions"
1091,554,"01- Champions"
3013,554,"01- Champions"
2358,554,"01- Champions"
1358,554,"01- Champions"
2751,554,"01- Champions"
215,554,"01- Champions"
478,554,"01- Champions"
611,554,"01- Champions"
1691,554,"01- Champions"
1867,554,"01- Champions"
577,554,"01- Champions"
1390,554,"01- Champions"
320,555,"01- Champions"
3256,555,"01- Champions"
2434,555,"01- Champions"
2914,555,"01- Champions"
1460,555,"01- Champions"
2391,555,"01- Champions"
2055,555,"01- Champions"
1506,555,"01- Champions"
44,345,"02- Loyal"
3170,344,"02- Loyal"
2223,344,"02- Loyal"
3261,344,"02- Loyal"
223,344,"02- Loyal"
912,344,"02- Loyal"
2258,344,"02- Loyal"
560,344,"02- Loyal"
1531,344,"02- Loyal"
11,344,"02- Loyal"
444,344,"02- Loyal"
1728,344,"02- Loyal"
1094,344,"02- Loyal"
558,344,"02- Loyal"
570,344,"02- Loyal"
2847,344,"02- Loyal"
968,344,"02- Loyal"
1714,344,"02- Loyal"
3067,344,"02- Loyal"
2014,344,"02- Loyal"
1417,344,"02- Loyal"
1259,344,"02- Loyal"
1765,344,"02- Loyal"
1368,344,"02- Loyal"
421,344,"02- Loyal"
367,344,"02- Loyal"
3104,344,"02- Loyal"
507,344,"02- Loyal"
1776,344,"02- Loyal"
403,344,"02- Loyal"
3148,344,"02- Loyal"
2124,344,"02- Loyal"
1837,344,"02- Loyal"
3389,344,"02- Loyal"
1935,344,"02- Loyal"
770,344,"02- Loyal"
3208,344,"02- Loyal"
3358,344,"02- Loyal"
3017,344,"02- Loyal"
47,344,"02- Loyal"
648,344,"02- Loyal"
329,344,"02- Loyal"
707,344,"02- Loyal"
1335,344,"02- Loyal"
2410,344,"02- Loyal"
2413,344,"02- Loyal"
2154,344,"02- Loyal"
2552,344,"02- Loyal"
1736,344,"02- Loyal"
2804,344,"02- Loyal"
2028,344,"02- Loyal"
1826,344,"02- Loyal"
1593,344,"02- Loyal"
292,344,"02- Loyal"
737,344,"02- Loyal"
2918,344,"02- Loyal"
788,344,"02- Loyal"
471,344,"02- Loyal"
2599,344,"02- Loyal"
1426,344,"02- Loyal"
2769,344,"02- Loyal"
2179,344,"02- Loyal"
1432,344,"02- Loyal"
864,344,"02- Loyal"
1224,344,"02- Loyal"
1576,344,"02- Loyal"
2222,344,"02- Loyal"
61,344,"02- Loyal"
1669,344,"02- Loyal"
1870,344,"02- Loyal"
1848,344,"02- Loyal"
1755,344,"02- Loyal"
263,344,"02- Loyal"
1411,344,"02- Loyal"
337,344,"02- Loyal"
3426,344,"02- Loyal"
2785,344,"02- Loyal"
1664,344,"02- Loyal"
1254,344,"02- Loyal"
2771,335,"02- Loyal"
627,335,"02- Loyal"
2364,335,"02- Loyal"
57,335,"02- Loyal"
2727,335,"02- Loyal"
1838,335,"02- Loyal"
1217,543,"02- Loyal"
2621,543,"02- Loyal"
2082,543,"02- Loyal"
442,543,"02- Loyal"
1824,543,"02- Loyal"
2942,543,"02- Loyal"
1798,543,"02- Loyal"
1985,543,"02- Loyal"
1925,543,"02- Loyal"
3395,543,"02- Loyal"
2530,543,"02- Loyal"
1545,543,"02- Loyal"
2531,543,"02- Loyal"
2027,543,"02- Loyal"
3088,543,"02- Loyal"
1549,543,"02- Loyal"
2641,543,"02- Loyal"
1996,543,"02- Loyal"
856,543,"02- Loyal"
2611,543,"02- Loyal"
908,543,"02- Loyal"
2990,543,"02- Loyal"
110,543,"02- Loyal"
2923,543,"02- Loyal"
1104,543,"02- Loyal"
1367,543,"02- Loyal"
1029,444,"02- Loyal"
2412,444,"02- Loyal"
221,444,"02- Loyal"
1586,444,"02- Loyal"
636,444,"02- Loyal"
2703,444,"02- Loyal"
1388,444,"02- Loyal"
345,444,"02- Loyal"
2712,444,"02- Loyal"
2331,444,"02- Loyal"
3077,444,"02- Loyal"
3120,444,"02- Loyal"
2481,444,"02- Loyal"
2071,444,"02- Loyal"
2843,444,"02- Loyal"
2919,444,"02- Loyal"
2622,444,"02- Loyal"
2361,444,"02- Loyal"
333,444,"02- Loyal"
1356,444,"02- Loyal"
2217,444,"02- Loyal"
2318,444,"02- Loyal"
794,444,"02- Loyal"
2768,444,"02- Loyal"
2338,444,"02- Loyal"
2844,444,"02- Loyal"
1884,444,"02- Loyal"
1818,444,"02- Loyal"
1468,444,"02- Loyal"
1056,444,"02- Loyal"
24,444,"02- Loyal"
308,444,"02- Loyal"
352,444,"02- Loyal"
1646,444,"02- Loyal"
849,444,"02- Loyal"
2102,444,"02- Loyal"
13,444,"02- Loyal"
1809,444,"02- Loyal"
201,444,"02- Loyal"
532,444,"02- Loyal"
3300,444,"02- Loyal"
2288,444,"02- Loyal"
401,444,"02- Loyal"
3383,444,"02- Loyal"
3478,444,"02- Loyal"
2024,444,"02- Loyal"
1949,444,"02- Loyal"
1639,444,"02- Loyal"
2283,444,"02- Loyal"
250,444,"02- Loyal"
1588,444,"02- Loyal"
2310,444,"02- Loyal"
220,444,"02- Loyal"
923,444,"02- Loyal"
2627,444,"02- Loyal"
945,444,"02- Loyal"
3445,444,"02- Loyal"
1308,435,"02- Loyal"
2652,435,"02- Loyal"
1979,435,"02- Loyal"
2105,435,"02- Loyal"
2538,355,"02- Loyal"
2309,355,"02- Loyal"
1006,355,"02- Loyal"
2616,355,"02- Loyal"
2592,355,"02- Loyal"
1131,355,"02- Loyal"
3103,355,"02- Loyal"
999,355,"02- Loyal"
3240,355,"02- Loyal"
2459,355,"02- Loyal"
1250,355,"02- Loyal"
941,355,"02- Loyal"
1561,355,"02- Loyal"
380,355,"02- Loyal"
1611,355,"02- Loyal"
394,355,"02- Loyal"
1797,355,"02- Loyal"
1887,355,"02- Loyal"
2489,355,"02- Loyal"
2717,355,"02- Loyal"
2595,355,"02- Loyal"
2046,355,"02- Loyal"
2912,355,"02- Loyal"
490,355,"02- Loyal"
1570,355,"02- Loyal"
1783,355,"02- Loyal"
607,355,"02- Loyal"
198,355,"02- Loyal"
3249,355,"02- Loyal"
3055,355,"02- Loyal"
2723,355,"02- Loyal"
2202,355,"02- Loyal"
647,355,"02- Loyal"
2190,355,"02- Loyal"
230,355,"02- Loyal"
2351,355,"02- Loyal"
2701,355,"02- Loyal"
255,355,"02- Loyal"
921,355,"02- Loyal"
2684,355,"02- Loyal"
51,355,"02- Loyal"
1024,355,"02- Loyal"
446,355,"02- Loyal"
438,355,"02- Loyal"
2184,355,"02- Loyal"
2019,355,"02- Loyal"
39,355,"02- Loyal"
3406,355,"02- Loyal"
1443,355,"02- Loyal"
2194,355,"02- Loyal"
692,355,"02- Loyal"
3405,355,"02- Loyal"
1389,355,"02- Loyal"
3015,355,"02- Loyal"
2615,355,"02- Loyal"
2788,355,"02- Loyal"
2508,355,"02- Loyal"
733,355,"02- Loyal"
1030,355,"02- Loyal"
917,355,"02- Loyal"
2637,355,"02- Loyal"
1290,355,"02- Loyal"
1579,355,"02- Loyal"
1820,355,"02- Loyal"
506,355,"02- Loyal"
280,355,"02- Loyal"
691,355,"02- Loyal"
2985,355,"02- Loyal"
2601,355,"02- Loyal"
1178,355,"02- Loyal"
2189,355,"02- Loyal"
3371,355,"02- Loyal"
887,355,"02- Loyal"
1282,355,"02- Loyal"
1475,355,"02- Loyal"
1672,355,"02- Loyal"
2750,355,"02- Loyal"
1003,355,"02- Loyal"
1866,355,"02- Loyal"
1258,355,"02- Loyal"
1890,355,"02- Loyal"
1374,355,"02- Loyal"
590,355,"02- Loyal"
2560,355,"02- Loyal"
420,354,"02- Loyal"
2886,354,"02- Loyal"
3220,354,"02- Loyal"
549,354,"02- Loyal"
610,354,"02- Loyal"
1181,354,"02- Loyal"
1132,354,"02- Loyal"
289,354,"02- Loyal"
2910,354,"02- Loyal"
748,354,"02- Loyal"
1613,354,"02- Loyal"
2877,354,"02- Loyal"
1527,354,"02- Loyal"
1933,354,"02- Loyal"
3370,354,"02- Loyal"
3247,354,"02- Loyal"
1731,354,"02- Loyal"
2793,354,"02- Loyal"
3360,354,"02- Loyal"
1171,354,"02- Loyal"
3204,354,"02- Loyal"
3327,354,"02- Loyal"
1947,354,"02- Loyal"
2045,354,"02- Loyal"
499,354,"02- Loyal"
2279,354,"02- Loyal"
2268,354,"02- Loyal"
871,354,"02- Loyal"
626,354,"02- Loyal"
630,354,"02- Loyal"
2397,354,"02- Loyal"
1585,354,"02- Loyal"
579,354,"02- Loyal"
177,354,"02- Loyal"
2281,354,"02- Loyal"
3224,354,"02- Loyal"
2248,354,"02- Loyal"
428,354,"02- Loyal"
261,354,"02- Loyal"
1643,354,"02- Loyal"
1982,354,"02- Loyal"
3195,354,"02- Loyal"
211,354,"02- Loyal"
827,354,"02- Loyal"
894,354,"02- Loyal"
402,345,"02- Loyal"
935,345,"02- Loyal"
3108,345,"02- Loyal"
1916,345,"02- Loyal"
1615,345,"02- Loyal"
1850,345,"02- Loyal"
1881,345,"02- Loyal"
1039,345,"02- Loyal"
2269,345,"02- Loyal"
2787,345,"02- Loyal"
2901,345,"02- Loyal"
1750,345,"02- Loyal"
1984,345,"02- Loyal"
3499,345,"02- Loyal"
655,345,"02- Loyal"
2051,345,"02- Loyal"
2590,345,"02- Loyal"
2020,345,"02- Loyal"
1400,345,"02- Loyal"
1218,345,"02- Loyal"
365,345,"02- Loyal"
33,345,"02- Loyal"
2883,345,"02- Loyal"
3242,345,"02- Loyal"
2097,345,"02- Loyal"
3350,345,"02- Loyal"
1937,345,"02- Loyal"
2527,345,"02- Loyal"
1559,345,"02- Loyal"
2048,345,"02- Loyal"
147,345,"02- Loyal"
2284,345,"02- Loyal"
295,345,"02- Loyal"
2375,345,"02- Loyal"
2820,345,"02- Loyal"
1435,345,"02- Loyal"
750,345,"02- Loyal"
2542,345,"02- Loyal"
2591,345,"02- Loyal"
2380,345,"02- Loyal"
2292,345,"02- Loyal"
3173,345,"02- Loyal"
254,345,"02- Loyal"
3361,345,"02- Loyal"
3032,345,"02- Loyal"
710,345,"02- Loyal"
3166,345,"02- Loyal"
1825,345,"02- Loyal"
112,345,"02- Loyal"
3126,345,"02- Loyal"
2766,345,"02- Loyal"
3228,345,"02- Loyal"
1398,345,"02- Loyal"
3146,345,"02- Loyal"
1345,345,"02- Loyal"
1136,344,"02- Loyal"
1864,453,"03- Potential Loyalist"
3176,453,"03- Potential Loyalist"
759,453,"03- Potential Loyalist"
115,453,"03- Potential Loyalist"
1690,453,"03- Potential Loyalist"
314,453,"03- Potential Loyalist"
2732,453,"03- Potential Loyalist"
1229,453,"03- Potential Loyalist"
1481,453,"03- Potential Loyalist"
752,453,"03- Potential Loyalist"
3131,453,"03- Potential Loyalist"
1511,453,"03- Potential Loyalist"
2495,452,"03- Potential Loyalist"
2672,452,"03- Potential Loyalist"
315,452,"03- Potential Loyalist"
429,452,"03- Potential Loyalist"
1340,452,"03- Potential Loyalist"
3219,452,"03- Potential Loyalist"
1496,333,"03- Potential Loyalist"
587,333,"03- Potential Loyalist"
2349,333,"03- Potential Loyalist"
1997,333,"03- Potential Loyalist"
606,333,"03- Potential Loyalist"
214,333,"03- Potential Loyalist"
929,333,"03- Potential Loyalist"
2453,333,"03- Potential Loyalist"
1421,333,"03- Potential Loyalist"
2363,333,"03- Potential Loyalist"
3314,333,"03- Potential Loyalist"
2166,333,"03- Potential Loyalist"
1729,333,"03- Potential Loyalist"
2554,333,"03- Potential Loyalist"
1986,333,"03- Potential Loyalist"
3331,333,"03- Potential Loyalist"
1769,333,"03- Potential Loyalist"
1384,333,"03- Potential Loyalist"
661,333,"03- Potential Loyalist"
1785,333,"03- Potential Loyalist"
3404,323,"03- Potential Loyalist"
2357,323,"03- Potential Loyalist"
1653,323,"03- Potential Loyalist"
2921,323,"03- Potential Loyalist"
940,323,"03- Potential Loyalist"
3095,323,"03- Potential Loyalist"
2277,323,"03- Potential Loyalist"
1512,323,"03- Potential Loyalist"
3399,323,"03- Potential Loyalist"
1156,323,"03- Potential Loyalist"
2539,323,"03- Potential Loyalist"
355,323,"03- Potential Loyalist"
2382,341,"03- Potential Loyalist"
1700,341,"03- Potential Loyalist"
1239,342,"03- Potential Loyalist"
1688,342,"03- Potential Loyalist"
1286,342,"03- Potential Loyalist"
382,342,"03- Potential Loyalist"
2018,342,"03- Potential Loyalist"
2534,342,"03- Potential Loyalist"
3064,342,"03- Potential Loyalist"
2915,342,"03- Potential Loyalist"
2285,342,"03- Potential Loyalist"
1323,342,"03- Potential Loyalist"
563,342,"03- Potential Loyalist"
1879,342,"03- Potential Loyalist"
483,342,"03- Potential Loyalist"
2943,342,"03- Potential Loyalist"
1422,342,"03- Potential Loyalist"
488,431,"03- Potential Loyalist"
1484,431,"03- Potential Loyalist"
683,431,"03- Potential Loyalist"
520,431,"03- Potential Loyalist"
2875,323,"03- Potential Loyalist"
2175,323,"03- Potential Loyalist"
148,323,"03- Potential Loyalist"
2317,323,"03- Potential Loyalist"
3034,323,"03- Potential Loyalist"
472,323,"03- Potential Loyalist"
1057,323,"03- Potential Loyalist"
2286,323,"03- Potential Loyalist"
2444,323,"03- Potential Loyalist"
1636,323,"03- Potential Loyalist"
1606,323,"03- Potential Loyalist"
2004,323,"03- Potential Loyalist"
3112,553,"03- Potential Loyalist"
1,553,"03- Potential Loyalist"
116,553,"03- Potential Loyalist"
359,553,"03- Potential Loyalist"
1165,553,"03- Potential Loyalist"
1745,553,"03- Potential Loyalist"
2372,553,"03- Potential Loyalist"
1600,553,"03- Potential Loyalist"
2618,553,"03- Potential Loyalist"
652,553,"03- Potential Loyalist"
928,553,"03- Potential Loyalist"
1993,553,"03- Potential Loyalist"
835,553,"03- Potential Loyalist"
789,553,"03- Potential Loyalist"
1723,423,"03- Potential Loyalist"
2198,423,"03- Potential Loyalist"
1008,423,"03- Potential Loyalist"
2117,423,"03- Potential Loyalist"
1314,423,"03- Potential Loyalist"
3282,423,"03- Potential Loyalist"
2199,423,"03- Potential Loyalist"
731,423,"03- Potential Loyalist"
72,423,"03- Potential Loyalist"
3302,423,"03- Potential Loyalist"
1761,423,"03- Potential Loyalist"
2987,423,"03- Potential Loyalist"
970,423,"03- Potential Loyalist"
2300,423,"03- Potential Loyalist"
199,423,"03- Potential Loyalist"
937,423,"03- Potential Loyalist"
440,553,"03- Potential Loyalist"
76,553,"03- Potential Loyalist"
993,553,"03- Potential Loyalist"
776,552,"03- Potential Loyalist"
1480,552,"03- Potential Loyalist"
1914,552,"03- Potential Loyalist"
2009,552,"03- Potential Loyalist"
825,552,"03- Potential Loyalist"
328,552,"03- Potential Loyalist"
2607,552,"03- Potential Loyalist"
3183,552,"03- Potential Loyalist"
86,552,"03- Potential Loyalist"
2559,552,"03- Potential Loyalist"
1315,552,"03- Potential Loyalist"
217,552,"03- Potential Loyalist"
1301,552,"03- Potential Loyalist"
362,531,"03- Potential Loyalist"
1504,531,"03- Potential Loyalist"
350,531,"03- Potential Loyalist"
203,531,"03- Potential Loyalist"
1944,531,"03- Potential Loyalist"
1701,531,"03- Potential Loyalist"
3065,531,"03- Potential Loyalist"
276,531,"03- Potential Loyalist"
687,531,"03- Potential Loyalist"
649,531,"03- Potential Loyalist"
1822,531,"03- Potential Loyalist"
3147,531,"03- Potential Loyalist"
742,531,"03- Potential Loyalist"
2421,531,"03- Potential Loyalist"
932,532,"03- Potential Loyalist"
613,532,"03- Potential Loyalist"
1624,532,"03- Potential Loyalist"
2125,532,"03- Potential Loyalist"
1297,532,"03- Potential Loyalist"
2479,532,"03- Potential Loyalist"
3239,532,"03- Potential Loyalist"
843,532,"03- Potential Loyalist"
17,532,"03- Potential Loyalist"
2775,532,"03- Potential Loyalist"
529,532,"03- Potential Loyalist"
321,532,"03- Potential Loyalist"
3133,532,"03- Potential Loyalist"
3152,532,"03- Potential Loyalist"
564,532,"03- Potential Loyalist"
831,532,"03- Potential Loyalist"
3042,532,"03- Potential Loyalist"
1815,532,"03- Potential Loyalist"
1650,532,"03- Potential Loyalist"
262,532,"03- Potential Loyalist"
256,532,"03- Potential Loyalist"
2575,532,"03- Potential Loyalist"
3193,532,"03- Potential Loyalist"
293,532,"03- Potential Loyalist"
2063,532,"03- Potential Loyalist"
3210,532,"03- Potential Loyalist"
464,532,"03- Potential Loyalist"
2977,532,"03- Potential Loyalist"
543,532,"03- Potential Loyalist"
3455,532,"03- Potential Loyalist"
2098,532,"03- Potential Loyalist"
1607,532,"03- Potential Loyalist"
1794,532,"03- Potential Loyalist"
1120,532,"03- Potential Loyalist"
2908,532,"03- Potential Loyalist"
2689,532,"03- Potential Loyalist"
681,532,"03- Potential Loyalist"
951,532,"03- Potential Loyalist"
1965,532,"03- Potential Loyalist"
1190,532,"03- Potential Loyalist"
2954,532,"03- Potential Loyalist"
964,532,"03- Potential Loyalist"
673,532,"03- Potential Loyalist"
3393,532,"03- Potential Loyalist"
1077,532,"03- Potential Loyalist"
2862,532,"03- Potential Loyalist"
1709,532,"03- Potential Loyalist"
3363,532,"03- Potential Loyalist"
2485,532,"03- Potential Loyalist"
1134,532,"03- Potential Loyalist"
1304,532,"03- Potential Loyalist"
1052,533,"03- Potential Loyalist"
3355,533,"03- Potential Loyalist"
2676,533,"03- Potential Loyalist"
140,533,"03- Potential Loyalist"
2443,533,"03- Potential Loyalist"
1934,533,"03- Potential Loyalist"
884,533,"03- Potential Loyalist"
3332,533,"03- Potential Loyalist"
3008,533,"03- Potential Loyalist"
2780,533,"03- Potential Loyalist"
1872,533,"03- Potential Loyalist"
3472,533,"03- Potential Loyalist"
639,533,"03- Potential Loyalist"
1532,533,"03- Potential Loyalist"
1413,533,"03- Potential Loyalist"
517,533,"03- Potential Loyalist"
1833,533,"03- Potential Loyalist"
134,533,"03- Potential Loyalist"
3031,533,"03- Potential Loyalist"
2378,533,"03- Potential Loyalist"
2995,533,"03- Potential Loyalist"
2550,533,"03- Potential Loyalist"
2081,533,"03- Potential Loyalist"
3386,533,"03- Potential Loyalist"
572,533,"03- Potential Loyalist"
2786,533,"03- Potential Loyalist"
224,533,"03- Potential Loyalist"
858,533,"03- Potential Loyalist"
447,533,"03- Potential Loyalist"
2969,533,"03- Potential Loyalist"
1668,533,"03- Potential Loyalist"
2693,533,"03- Potential Loyalist"
279,533,"03- Potential Loyalist"
285,533,"03- Potential Loyalist"
132,533,"03- Potential Loyalist"
2535,533,"03- Potential Loyalist"
2088,533,"03- Potential Loyalist"
1906,533,"03- Potential Loyalist"
1795,533,"03- Potential Loyalist"
3231,533,"03- Potential Loyalist"
3197,533,"03- Potential Loyalist"
3448,533,"03- Potential Loyalist"
2448,533,"03- Potential Loyalist"
1663,533,"03- Potential Loyalist"
2471,533,"03- Potential Loyalist"
2325,533,"03- Potential Loyalist"
1767,533,"03- Potential Loyalist"
974,533,"03- Potential Loyalist"
1594,533,"03- Potential Loyalist"
1522,533,"03- Potential Loyalist"
1207,541,"03- Potential Loyalist"
1221,541,"03- Potential Loyalist"
56,541,"03- Potential Loyalist"
955,541,"03- Potential Loyalist"
398,541,"03- Potential Loyalist"
1467,542,"03- Potential Loyalist"
990,542,"03- Potential Loyalist"
338,542,"03- Potential Loyalist"
3468,542,"03- Potential Loyalist"
3154,542,"03- Potential Loyalist"
470,542,"03- Potential Loyalist"
962,542,"03- Potential Loyalist"
1758,542,"03- Potential Loyalist"
2730,542,"03- Potential Loyalist"
2958,542,"03- Potential Loyalist"
172,542,"03- Potential Loyalist"
1515,542,"03- Potential Loyalist"
2935,542,"03- Potential Loyalist"
1999,542,"03- Potential Loyalist"
410,542,"03- Potential Loyalist"
3277,333,"03- Potential Loyalist"
653,333,"03- Potential Loyalist"
2399,333,"03- Potential Loyalist"
957,333,"03- Potential Loyalist"
3351,333,"03- Potential Loyalist"
818,333,"03- Potential Loyalist"
666,333,"03- Potential Loyalist"
977,333,"03- Potential Loyalist"
2212,333,"03- Potential Loyalist"
1263,333,"03- Potential Loyalist"
2736,333,"03- Potential Loyalist"
1550,333,"03- Potential Loyalist"
767,333,"03- Potential Loyalist"
819,333,"03- Potential Loyalist"
79,333,"03- Potential Loyalist"
2685,333,"03- Potential Loyalist"
2313,333,"03- Potential Loyalist"
3325,333,"03- Potential Loyalist"
397,333,"03- Potential Loyalist"
3062,333,"03- Potential Loyalist"
1063,333,"03- Potential Loyalist"
2765,333,"03- Potential Loyalist"
3028,333,"03- Potential Loyalist"
2897,333,"03- Potential Loyalist"
3038,333,"03- Potential Loyalist"
2160,333,"03- Potential Loyalist"
2344,333,"03- Potential Loyalist"
3121,333,"03- Potential Loyalist"
437,333,"03- Potential Loyalist"
650,333,"03- Potential Loyalist"
2015,333,"03- Potential Loyalist"
2681,333,"03- Potential Loyalist"
1814,333,"03- Potential Loyalist"
3310,333,"03- Potential Loyalist"
2161,333,"03- Potential Loyalist"
2582,333,"03- Potential Loyalist"
1775,333,"03- Potential Loyalist"
2457,333,"03- Potential Loyalist"
1733,333,"03- Potential Loyalist"
2526,333,"03- Potential Loyalist"
3020,453,"03- Potential Loyalist"
2763,453,"03- Potential Loyalist"
2839,453,"03- Potential Loyalist"
433,453,"03- Potential Loyalist"
2988,453,"03- Potential Loyalist"
372,453,"03- Potential Loyalist"
1032,453,"03- Potential Loyalist"
340,453,"03- Potential Loyalist"
246,453,"03- Potential Loyalist"
2273,453,"03- Potential Loyalist"
2339,453,"03- Potential Loyalist"
2566,453,"03- Potential Loyalist"
714,353,"03- Potential Loyalist"
1524,353,"03- Potential Loyalist"
718,352,"03- Potential Loyalist"
984,352,"03- Potential Loyalist"
2181,352,"03- Potential Loyalist"
249,352,"03- Potential Loyalist"
1405,352,"03- Potential Loyalist"
205,352,"03- Potential Loyalist"
1223,352,"03- Potential Loyalist"
1047,352,"03- Potential Loyalist"
539,352,"03- Potential Loyalist"
1199,352,"03- Potential Loyalist"
1191,351,"03- Potential Loyalist"
3061,353,"03- Potential Loyalist"
1912,353,"03- Potential Loyalist"
2845,353,"03- Potential Loyalist"
2052,353,"03- Potential Loyalist"
1581,353,"03- Potential Loyalist"
1402,353,"03- Potential Loyalist"
2419,353,"03- Potential Loyalist"
2682,353,"03- Potential Loyalist"
1580,353,"03- Potential Loyalist"
2226,353,"03- Potential Loyalist"
55,353,"03- Potential Loyalist"
874,353,"03- Potential Loyalist"
84,442,"03- Potential Loyalist"
3185,442,"03- Potential Loyalist"
2501,442,"03- Potential Loyalist"
1155,442,"03- Potential Loyalist"
3254,442,"03- Potential Loyalist"
2251,442,"03- Potential Loyalist"
907,441,"03- Potential Loyalist"
2608,441,"03- Potential Loyalist"
850,353,"03- Potential Loyalist"
1913,353,"03- Potential Loyalist"
2230,353,"03- Potential Loyalist"
684,353,"03- Potential Loyalist"
2803,433,"03- Potential Loyalist"
408,433,"03- Potential Loyalist"
156,433,"03- Potential Loyalist"
176,433,"03- Potential Loyalist"
553,433,"03- Potential Loyalist"
3278,433,"03- Potential Loyalist"
1288,433,"03- Potential Loyalist"
2366,433,"03- Potential Loyalist"
1073,433,"03- Potential Loyalist"
210,433,"03- Potential Loyalist"
1409,433,"03- Potential Loyalist"
2282,433,"03- Potential Loyalist"
3303,433,"03- Potential Loyalist"
2833,433,"03- Potential Loyalist"
1423,433,"03- Potential Loyalist"
795,433,"03- Potential Loyalist"
1697,433,"03- Potential Loyalist"
485,433,"03- Potential Loyalist"
2114,433,"03- Potential Loyalist"
193,433,"03- Potential Loyalist"
1166,433,"03- Potential Loyalist"
1153,433,"03- Potential Loyalist"
821,433,"03- Potential Loyalist"
2772,433,"03- Potential Loyalist"
2811,433,"03- Potential Loyalist"
1018,433,"03- Potential Loyalist"
1050,433,"03- Potential Loyalist"
676,433,"03- Potential Loyalist"
2422,433,"03- Potential Loyalist"
3158,433,"03- Potential Loyalist"
1122,433,"03- Potential Loyalist"
3084,433,"03- Potential Loyalist"
1878,433,"03- Potential Loyalist"
2966,433,"03- Potential Loyalist"
2952,433,"03- Potential Loyalist"
777,433,"03- Potential Loyalist"
2544,433,"03- Potential Loyalist"
2439,433,"03- Potential Loyalist"
2488,433,"03- Potential Loyalist"
3372,433,"03- Potential Loyalist"
873,433,"03- Potential Loyalist"
188,433,"03- Potential Loyalist"
1518,433,"03- Potential Loyalist"
523,433,"03- Potential Loyalist"
1681,433,"03- Potential Loyalist"
561,433,"03- Potential Loyalist"
1759,433,"03- Potential Loyalist"
3022,433,"03- Potential Loyalist"
3443,433,"03- Potential Loyalist"
2980,433,"03- Potential Loyalist"
1861,433,"03- Potential Loyalist"
3368,433,"03- Potential Loyalist"
969,433,"03- Potential Loyalist"
1125,433,"03- Potential Loyalist"
313,433,"03- Potential Loyalist"
792,433,"03- Potential Loyalist"
3299,433,"03- Potential Loyalist"
1969,433,"03- Potential Loyalist"
2899,433,"03- Potential Loyalist"
2871,432,"03- Potential Loyalist"
5,432,"03- Potential Loyalist"
186,432,"03- Potential Loyalist"
631,432,"03- Potential Loyalist"
2997,432,"03- Potential Loyalist"
766,432,"03- Potential Loyalist"
1015,432,"03- Potential Loyalist"
625,432,"03- Potential Loyalist"
3238,432,"03- Potential Loyalist"
2677,432,"03- Potential Loyalist"
2760,432,"03- Potential Loyalist"
3174,432,"03- Potential Loyalist"
3422,432,"03- Potential Loyalist"
2484,432,"03- Potential Loyalist"
2461,432,"03- Potential Loyalist"
2467,432,"03- Potential Loyalist"
324,432,"03- Potential Loyalist"
233,432,"03- Potential Loyalist"
258,432,"03- Potential Loyalist"
2624,432,"03- Potential Loyalist"
3082,432,"03- Potential Loyalist"
3018,432,"03- Potential Loyalist"
2127,432,"03- Potential Loyalist"
1974,432,"03- Potential Loyalist"
701,432,"03- Potential Loyalist"
1406,432,"03- Potential Loyalist"
1813,432,"03- Potential Loyalist"
3479,432,"03- Potential Loyalist"
859,432,"03- Potential Loyalist"
2502,432,"03- Potential Loyalist"
2143,432,"03- Potential Loyalist"
696,432,"03- Potential Loyalist"
2280,432,"03- Potential Loyalist"
1316,432,"03- Potential Loyalist"
756,432,"03- Potential Loyalist"
717,432,"03- Potential Loyalist"
2432,432,"03- Potential Loyalist"
2159,432,"03- Potential Loyalist"
1295,432,"03- Potential Loyalist"
2008,432,"03- Potential Loyalist"
3085,432,"03- Potential Loyalist"
149,432,"03- Potential Loyalist"
1702,432,"03- Potential Loyalist"
2650,432,"03- Potential Loyalist"
2110,432,"03- Potential Loyalist"
3345,431,"03- Potential Loyalist"
2645,431,"03- Potential Loyalist"
2944,431,"03- Potential Loyalist"
3163,431,"03- Potential Loyalist"
1429,431,"03- Potential Loyalist"
1835,431,"03- Potential Loyalist"
3027,431,"03- Potential Loyalist"
3274,431,"03- Potential Loyalist"
3263,431,"03- Potential Loyalist"
1684,431,"03- Potential Loyalist"
550,431,"03- Potential Loyalist"
2916,431,"03- Potential Loyalist"
452,431,"03- Potential Loyalist"
1718,431,"03- Potential Loyalist"
3408,431,"03- Potential Loyalist"
2392,431,"03- Potential Loyalist"
1061,431,"03- Potential Loyalist"
1027,431,"03- Potential Loyalist"
2466,431,"03- Potential Loyalist"
1026,431,"03- Potential Loyalist"
137,431,"03- Potential Loyalist"
1196,431,"03- Potential Loyalist"
412,411,"04- New Customers"
2631,411,"04- New Customers"
2971,411,"04- New Customers"
1414,411,"04- New Customers"
758,411,"04- New Customers"
2903,411,"04- New Customers"
1910,411,"04- New Customers"
1242,411,"04- New Customers"
202,411,"04- New Customers"
1734,411,"04- New Customers"
3464,411,"04- New Customers"
1685,411,"04- New Customers"
1655,411,"04- New Customers"
2556,411,"04- New Customers"
2840,411,"04- New Customers"
1204,411,"04- New Customers"
3110,411,"04- New Customers"
335,411,"04- New Customers"
1476,411,"04- New Customers"
2741,411,"04- New Customers"
1273,411,"04- New Customers"
222,411,"04- New Customers"
2586,411,"04- New Customers"
1343,411,"04- New Customers"
2500,411,"04- New Customers"
1319,411,"04- New Customers"
1931,411,"04- New Customers"
1730,411,"04- New Customers"
2417,411,"04- New Customers"
2215,411,"04- New Customers"
1344,411,"04- New Customers"
2636,411,"04- New Customers"
885,511,"04- New Customers"
2330,511,"04- New Customers"
2949,511,"04- New Customers"
1393,511,"04- New Customers"
1035,511,"04- New Customers"
2084,311,"04- New Customers"
126,511,"04- New Customers"
1564,511,"04- New Customers"
2713,511,"04- New Customers"
2032,511,"04- New Customers"
3446,511,"04- New Customers"
1203,511,"04- New Customers"
2764,311,"04- New Customers"
1622,311,"04- New Customers"
2749,311,"04- New Customers"
376,311,"04- New Customers"
2146,311,"04- New Customers"
3124,311,"04- New Customers"
3139,512,"04- New Customers"
2108,512,"04- New Customers"
2042,512,"04- New Customers"
1829,512,"04- New Customers"
2708,512,"04- New Customers"
3257,512,"04- New Customers"
1219,512,"04- New Customers"
383,311,"04- New Customers"
3052,311,"04- New Customers"
3385,311,"04- New Customers"
2115,311,"04- New Customers"
2056,311,"04- New Customers"
1569,311,"04- New Customers"
862,311,"04- New Customers"
2692,311,"04- New Customers"
747,311,"04- New Customers"
2362,311,"04- New Customers"
1222,311,"04- New Customers"
1100,311,"04- New Customers"
225,311,"04- New Customers"
2670,311,"04- New Customers"
1548,311,"04- New Customers"
1987,311,"04- New Customers"
1031,311,"04- New Customers"
3140,311,"04- New Customers"
2477,311,"04- New Customers"
1921,311,"04- New Customers"
2352,311,"04- New Customers"
1928,311,"04- New Customers"
1262,311,"04- New Customers"
291,311,"04- New Customers"
2643,311,"04- New Customers"
1216,512,"04- New Customers"
2236,512,"04- New Customers"
1333,512,"04- New Customers"
2128,512,"04- New Customers"
3203,512,"04- New Customers"
1963,512,"04- New Customers"
1148,512,"04- New Customers"
2746,512,"04- New Customers"
3487,512,"04- New Customers"
1854,512,"04- New Customers"
2168,512,"04- New Customers"
3309,422,"04- New Customers"
2440,311,"04- New Customers"
2707,311,"04- New Customers"
3189,311,"04- New Customers"
2669,311,"04- New Customers"
45,311,"04- New Customers"
1488,311,"04- New Customers"
2767,311,"04- New Customers"
3346,311,"04- New Customers"
2855,311,"04- New Customers"
537,311,"04- New Customers"
1277,311,"04- New Customers"
2734,311,"04- New Customers"
699,311,"04- New Customers"
2945,311,"04- New Customers"
3305,311,"04- New Customers"
2743,311,"04- New Customers"
2274,311,"04- New Customers"
1442,311,"04- New Customers"
1126,422,"04- New Customers"
2031,422,"04- New Customers"
1536,422,"04- New Customers"
460,422,"04- New Customers"
1930,422,"04- New Customers"
2868,422,"04- New Customers"
1705,422,"04- New Customers"
1601,422,"04- New Customers"
1989,422,"04- New Customers"
1790,422,"04- New Customers"
1399,422,"04- New Customers"
1753,422,"04- New Customers"
1079,422,"04- New Customers"
1455,422,"04- New Customers"
2214,422,"04- New Customers"
259,422,"04- New Customers"
1855,422,"04- New Customers"
3329,422,"04- New Customers"
178,422,"04- New Customers"
2511,422,"04- New Customers"
266,422,"04- New Customers"
1738,422,"04- New Customers"
583,422,"04- New Customers"
216,422,"04- New Customers"
484,422,"04- New Customers"
2229,422,"04- New Customers"
2445,422,"04- New Customers"
806,422,"04- New Customers"
797,422,"04- New Customers"
654,422,"04- New Customers"
277,422,"04- New Customers"
2436,422,"04- New Customers"
1719,422,"04- New Customers"
3391,422,"04- New Customers"
617,422,"04- New Customers"
817,422,"04- New Customers"
3285,422,"04- New Customers"
3480,422,"04- New Customers"
1310,422,"04- New Customers"
1041,422,"04- New Customers"
939,422,"04- New Customers"
2100,422,"04- New Customers"
580,422,"04- New Customers"
834,421,"04- New Customers"
2846,421,"04- New Customers"
915,421,"04- New Customers"
1419,421,"04- New Customers"
2241,421,"04- New Customers"
1431,421,"04- New Customers"
3440,421,"04- New Customers"
253,421,"04- New Customers"
3226,421,"04- New Customers"
3400,421,"04- New Customers"
1226,421,"04- New Customers"
458,421,"04- New Customers"
1312,421,"04- New Customers"
785,421,"04- New Customers"
1371,421,"04- New Customers"
1370,421,"04- New Customers"
3136,421,"04- New Customers"
2546,421,"04- New Customers"
133,421,"04- New Customers"
1078,421,"04- New Customers"
2126,421,"04- New Customers"
2801,421,"04- New Customers"
3244,421,"04- New Customers"
2694,421,"04- New Customers"
744,421,"04- New Customers"
2332,421,"04- New Customers"
1603,421,"04- New Customers"
2137,421,"04- New Customers"
1956,421,"04- New Customers"
154,421,"04- New Customers"
3056,421,"04- New Customers"
218,421,"04- New Customers"
1634,421,"04- New Customers"
3452,512,"04- New Customers"
1495,511,"04- New Customers"
351,511,"04- New Customers"
1121,511,"04- New Customers"
1359,511,"04- New Customers"
1810,511,"04- New Customers"
1584,511,"04- New Customers"
1145,511,"04- New Customers"
155,511,"04- New Customers"
589,511,"04- New Customers"
2122,511,"04- New Customers"
1565,511,"04- New Customers"
1087,511,"04- New Customers"
100,511,"04- New Customers"
2579,311,"04- New Customers"
1608,511,"04- New Customers"
900,511,"04- New Customers"
3444,311,"04- New Customers"
2842,311,"04- New Customers"
1466,311,"04- New Customers"
3316,412,"04- New Customers"
2996,412,"04- New Customers"
1804,412,"04- New Customers"
798,412,"04- New Customers"
2451,412,"04- New Customers"
2817,412,"04- New Customers"
3485,412,"04- New Customers"
2320,412,"04- New Customers"
1525,412,"04- New Customers"
1059,412,"04- New Customers"
1188,412,"04- New Customers"
1924,412,"04- New Customers"
1847,412,"04- New Customers"
3149,412,"04- New Customers"
2533,412,"04- New Customers"
2370,412,"04- New Customers"
184,412,"04- New Customers"
2541,412,"04- New Customers"
2085,412,"04- New Customers"
1630,412,"04- New Customers"
481,412,"04- New Customers"
2176,412,"04- New Customers"
2789,411,"04- New Customers"
3488,411,"04- New Customers"
2994,411,"04- New Customers"
1618,411,"04- New Customers"
2838,411,"04- New Customers"
876,411,"04- New Customers"
2441,411,"04- New Customers"
3259,411,"04- New Customers"
74,411,"04- New Customers"
2239,411,"04- New Customers"
1487,411,"04- New Customers"
2389,511,"04- New Customers"
675,511,"04- New Customers"
1485,511,"04- New Customers"
689,511,"04- New Customers"
1185,511,"04- New Customers"
2719,511,"04- New Customers"
2878,511,"04- New Customers"
3156,511,"04- New Customers"
2864,413,"05- Promising"
3374,525,"05- Promising"
1179,525,"05- Promising"
2555,525,"05- Promising"
2319,525,"05- Promising"
1571,525,"05- Promising"
824,524,"05- Promising"
1095,524,"05- Promising"
21,524,"05- Promising"
979,524,"05- Promising"
693,524,"05- Promising"
3130,524,"05- Promising"
3054,524,"05- Promising"
3293,524,"05- Promising"
1123,524,"05- Promising"
2623,524,"05- Promising"
3016,524,"05- Promising"
1860,524,"05- Promising"
2632,524,"05- Promising"
1638,524,"05- Promising"
2112,524,"05- Promising"
2136,524,"05- Promising"
697,524,"05- Promising"
2561,524,"05- Promising"
1500,524,"05- Promising"
660,524,"05- Promising"
3356,523,"05- Promising"
2191,523,"05- Promising"
933,523,"05- Promising"
2752,523,"05- Promising"
1161,523,"05- Promising"
1617,523,"05- Promising"
101,523,"05- Promising"
1941,523,"05- Promising"
122,523,"05- Promising"
1873,523,"05- Promising"
772,523,"05- Promising"
2396,523,"05- Promising"
1167,523,"05- Promising"
2106,523,"05- Promising"
1264,523,"05- Promising"
1081,523,"05- Promising"
2779,523,"05- Promising"
1012,523,"05- Promising"
3043,523,"05- Promising"
3475,523,"05- Promising"
53,523,"05- Promising"
1972,523,"05- Promising"
1355,523,"05- Promising"
1453,523,"05- Promising"
2012,523,"05- Promising"
3494,523,"05- Promising"
2470,523,"05- Promising"
2848,523,"05- Promising"
2038,523,"05- Promising"
2814,523,"05- Promising"
1143,523,"05- Promising"
1327,523,"05- Promising"
143,523,"05- Promising"
70,523,"05- Promising"
81,523,"05- Promising"
2306,523,"05- Promising"
1886,523,"05- Promising"
851,523,"05- Promising"
1425,523,"05- Promising"
236,523,"05- Promising"
2329,522,"05- Promising"
309,522,"05- Promising"
1687,522,"05- Promising"
3119,522,"05- Promising"
2748,522,"05- Promising"
1751,522,"05- Promising"
409,522,"05- Promising"
3209,522,"05- Promising"
1253,522,"05- Promising"
891,522,"05- Promising"
3125,522,"05- Promising"
1781,522,"05- Promising"
3338,522,"05- Promising"
2365,522,"05- Promising"
2254,522,"05- Promising"
2520,522,"05- Promising"
985,522,"05- Promising"
2773,522,"05- Promising"
2823,522,"05- Promising"
245,522,"05- Promising"
1648,522,"05- Promising"
694,522,"05- Promising"
2573,522,"05- Promising"
281,522,"05- Promising"
2050,522,"05- Promising"
1159,522,"05- Promising"
2075,522,"05- Promising"
316,522,"05- Promising"
2376,522,"05- Promising"
745,522,"05- Promising"
854,522,"05- Promising"
2276,522,"05- Promising"
559,522,"05- Promising"
2709,522,"05- Promising"
64,521,"05- Promising"
3275,521,"05- Promising"
2714,521,"05- Promising"
826,521,"05- Promising"
1703,521,"05- Promising"
2905,521,"05- Promising"
2710,521,"05- Promising"
1456,521,"05- Promising"
3123,521,"05- Promising"
1197,521,"05- Promising"
2731,521,"05- Promising"
1895,521,"05- Promising"
705,521,"05- Promising"
1265,521,"05- Promising"
511,521,"05- Promising"
1538,521,"05- Promising"
926,521,"05- Promising"
1454,521,"05- Promising"
3216,521,"05- Promising"
1108,521,"05- Promising"
3142,521,"05- Promising"
1764,521,"05- Promising"
966,521,"05- Promising"
2452,521,"05- Promising"
476,521,"05- Promising"
1341,521,"05- Promising"
297,514,"05- Promising"
2976,514,"05- Promising"
1070,514,"05- Promising"
1116,514,"05- Promising"
3253,514,"05- Promising"
3486,513,"05- Promising"
1983,513,"05- Promising"
2079,513,"05- Promising"
108,513,"05- Promising"
2967,513,"05- Promising"
296,513,"05- Promising"
1602,513,"05- Promising"
3419,513,"05- Promising"
1408,513,"05- Promising"
1240,513,"05- Promising"
106,513,"05- Promising"
30,513,"05- Promising"
2922,513,"05- Promising"
2054,513,"05- Promising"
2007,425,"05- Promising"
3058,425,"05- Promising"
2172,425,"05- Promising"
208,424,"05- Promising"
536,424,"05- Promising"
3394,424,"05- Promising"
327,424,"05- Promising"
667,424,"05- Promising"
3178,424,"05- Promising"
1903,424,"05- Promising"
2213,424,"05- Promising"
3413,424,"05- Promising"
1505,424,"05- Promising"
3100,424,"05- Promising"
3089,424,"05- Promising"
3462,424,"05- Promising"
2462,424,"05- Promising"
1214,424,"05- Promising"
2543,424,"05- Promising"
3006,424,"05- Promising"
989,424,"05- Promising"
857,424,"05- Promising"
918,424,"05- Promising"
3307,424,"05- Promising"
119,424,"05- Promising"
1379,424,"05- Promising"
3186,424,"05- Promising"
2557,415,"05- Promising"
2665,414,"05- Promising"
1961,414,"05- Promising"
651,414,"05- Promising"
387,414,"05- Promising"
20,414,"05- Promising"
1507,414,"05- Promising"
2218,413,"05- Promising"
2113,413,"05- Promising"
1105,413,"05- Promising"
2558,413,"05- Promising"
1923,413,"05- Promising"
3096,413,"05- Promising"
2614,413,"05- Promising"
2408,413,"05- Promising"
1633,413,"05- Promising"
2515,413,"05- Promising"
59,413,"05- Promising"
3159,413,"05- Promising"
2296,314,"05- Promising"
2507,314,"05- Promising"
1737,314,"05- Promising"
672,314,"05- Promising"
916,314,"05- Promising"
3024,314,"05- Promising"
1311,314,"05- Promising"
3098,313,"05- Promising"
1236,313,"05- Promising"
804,313,"05- Promising"
2497,313,"05- Promising"
303,313,"05- Promising"
95,313,"05- Promising"
2302,313,"05- Promising"
726,313,"05- Promising"
2193,313,"05- Promising"
1042,313,"05- Promising"
92,313,"05- Promising"
1415,313,"05- Promising"
1124,313,"05- Promising"
1486,434,"06- Need Attention"
2831,434,"06- Need Attention"
782,434,"06- Need Attention"
588,434,"06- Need Attention"
1128,434,"06- Need Attention"
227,434,"06- Need Attention"
3425,434,"06- Need Attention"
2092,434,"06- Need Attention"
405,434,"06- Need Attention"
2345,535,"06- Need Attention"
1452,534,"06- Need Attention"
364,534,"06- Need Attention"
2022,534,"06- Need Attention"
1342,534,"06- Need Attention"
556,534,"06- Need Attention"
2778,534,"06- Need Attention"
2044,534,"06- Need Attention"
2661,534,"06- Need Attention"
2892,534,"06- Need Attention"
1610,534,"06- Need Attention"
187,443,"06- Need Attention"
840,334,"06- Need Attention"
546,334,"06- Need Attention"
2062,334,"06- Need Attention"
2480,334,"06- Need Attention"
1827,334,"06- Need Attention"
189,535,"06- Need Attention"
703,535,"06- Need Attention"
1926,535,"06- Need Attention"
1471,535,"06- Need Attention"
2377,535,"06- Need Attention"
2805,535,"06- Need Attention"
2808,535,"06- Need Attention"
360,535,"06- Need Attention"
371,535,"06- Need Attention"
3000,324,"06- Need Attention"
952,324,"06- Need Attention"
2297,324,"06- Need Attention"
1695,324,"06- Need Attention"
2648,324,"06- Need Attention"
1383,324,"06- Need Attention"
2629,324,"06- Need Attention"
3378,324,"06- Need Attention"
1973,324,"06- Need Attention"
615,324,"06- Need Attention"
66,324,"06- Need Attention"
3129,434,"06- Need Attention"
3481,343,"06- Need Attention"
1534,343,"06- Need Attention"
2409,343,"06- Need Attention"
466,343,"06- Need Attention"
2447,343,"06- Need Attention"
3373,324,"06- Need Attention"
3127,324,"06- Need Attention"
1172,324,"06- Need Attention"
1516,324,"06- Need Attention"
49,324,"06- Need Attention"
339,324,"06- Need Attention"
477,334,"06- Need Attention"
1844,334,"06- Need Attention"
2674,334,"06- Need Attention"
971,334,"06- Need Attention"
317,334,"06- Need Attention"
3160,334,"06- Need Attention"
2354,334,"06- Need Attention"
2203,334,"06- Need Attention"
3306,334,"06- Need Attention"
1071,334,"06- Need Attention"
3047,334,"06- Need Attention"
2263,334,"06- Need Attention"
2981,343,"06- Need Attention"
1450,343,"06- Need Attention"
2237,343,"06- Need Attention"
102,343,"06- Need Attention"
1711,343,"06- Need Attention"
1001,343,"06- Need Attention"
2837,343,"06- Need Attention"
3196,343,"06- Need Attention"
1839,343,"06- Need Attention"
3002,343,"06- Need Attention"
603,343,"06- Need Attention"
775,343,"06- Need Attention"
2687,443,"06- Need Attention"
3353,443,"06- Need Attention"
475,443,"06- Need Attention"
642,443,"06- Need Attention"
3030,443,"06- Need Attention"
2522,443,"06- Need Attention"
2872,443,"06- Need Attention"
1111,443,"06- Need Attention"
1363,443,"06- Need Attention"
1752,443,"06- Need Attention"
1361,443,"06- Need Attention"
3436,443,"06- Need Attention"
3352,443,"06- Need Attention"
90,443,"06- Need Attention"
145,443,"06- Need Attention"
2438,443,"06- Need Attention"
3252,443,"06- Need Attention"
3319,443,"06- Need Attention"
2381,443,"06- Need Attention"
3324,443,"06- Need Attention"
305,443,"06- Need Attention"
730,443,"06- Need Attention"
981,443,"06- Need Attention"
2904,443,"06- Need Attention"
1720,434,"06- Need Attention"
3132,434,"06- Need Attention"
1292,434,"06- Need Attention"
505,434,"06- Need Attention"
1195,434,"06- Need Attention"
418,434,"06- Need Attention"
2639,434,"06- Need Attention"
3390,434,"06- Need Attention"
1020,221,"07- About To Sleep"
635,331,"07- About To Sleep"
85,331,"07- About To Sleep"
2094,331,"07- About To Sleep"
2800,331,"07- About To Sleep"
982,331,"07- About To Sleep"
1261,331,"07- About To Sleep"
899,331,"07- About To Sleep"
1674,331,"07- About To Sleep"
2171,331,"07- About To Sleep"
601,331,"07- About To Sleep"
3297,331,"07- About To Sleep"
3339,331,"07- About To Sleep"
2821,331,"07- About To Sleep"
911,331,"07- About To Sleep"
2564,321,"07- About To Sleep"
2278,321,"07- About To Sleep"
2972,321,"07- About To Sleep"
861,321,"07- About To Sleep"
1189,321,"07- About To Sleep"
2261,321,"07- About To Sleep"
2658,321,"07- About To Sleep"
103,321,"07- About To Sleep"
391,321,"07- About To Sleep"
2906,321,"07- About To Sleep"
3476,321,"07- About To Sleep"
251,321,"07- About To Sleep"
2312,321,"07- About To Sleep"
1498,321,"07- About To Sleep"
3357,321,"07- About To Sleep"
3200,321,"07- About To Sleep"
1671,321,"07- About To Sleep"
3011,321,"07- About To Sleep"
3463,321,"07- About To Sleep"
809,321,"07- About To Sleep"
628,321,"07- About To Sleep"
2316,321,"07- About To Sleep"
3155,321,"07- About To Sleep"
904,321,"07- About To Sleep"
1187,321,"07- About To Sleep"
2206,321,"07- About To Sleep"
3248,321,"07- About To Sleep"
496,321,"07- About To Sleep"
816,321,"07- About To Sleep"
1444,321,"07- About To Sleep"
1193,321,"07- About To Sleep"
1186,321,"07- About To Sleep"
3341,321,"07- About To Sleep"
3172,321,"07- About To Sleep"
2738,321,"07- About To Sleep"
497,321,"07- About To Sleep"
2460,321,"07- About To Sleep"
436,312,"07- About To Sleep"
1883,312,"07- About To Sleep"
566,312,"07- About To Sleep"
527,312,"07- About To Sleep"
2493,312,"07- About To Sleep"
3049,312,"07- About To Sleep"
554,312,"07- About To Sleep"
388,312,"07- About To Sleep"
3211,312,"07- About To Sleep"
814,312,"07- About To Sleep"
1510,312,"07- About To Sleep"
1841,312,"07- About To Sleep"
2314,312,"07- About To Sleep"
179,312,"07- About To Sleep"
14,312,"07- About To Sleep"
1080,312,"07- About To Sleep"
2450,312,"07- About To Sleep"
1072,312,"07- About To Sleep"
2514,312,"07- About To Sleep"
1523,312,"07- About To Sleep"
2571,312,"07- About To Sleep"
632,312,"07- About To Sleep"
3497,312,"07- About To Sleep"
3265,251,"07- About To Sleep"
568,241,"07- About To Sleep"
3150,241,"07- About To Sleep"
1090,241,"07- About To Sleep"
1645,241,"07- About To Sleep"
2927,213,"07- About To Sleep"
1649,213,"07- About To Sleep"
2957,213,"07- About To Sleep"
2037,213,"07- About To Sleep"
2343,213,"07- About To Sleep"
688,213,"07- About To Sleep"
2960,213,"07- About To Sleep"
2795,213,"07- About To Sleep"
1741,213,"07- About To Sleep"
2231,213,"07- About To Sleep"
160,213,"07- About To Sleep"
2998,213,"07- About To Sleep"
3459,213,"07- About To Sleep"
1354,213,"07- About To Sleep"
735,213,"07- About To Sleep"
878,213,"07- About To Sleep"
93,213,"07- About To Sleep"
2619,213,"07- About To Sleep"
3214,213,"07- About To Sleep"
3287,213,"07- About To Sleep"
586,213,"07- About To Sleep"
450,213,"07- About To Sleep"
1612,213,"07- About To Sleep"
2970,221,"07- About To Sleep"
3359,221,"07- About To Sleep"
1774,221,"07- About To Sleep"
1651,221,"07- About To Sleep"
2933,221,"07- About To Sleep"
2867,221,"07- About To Sleep"
1489,231,"07- About To Sleep"
828,231,"07- About To Sleep"
1192,231,"07- About To Sleep"
1587,231,"07- About To Sleep"
2810,231,"07- About To Sleep"
2774,231,"07- About To Sleep"
2668,231,"07- About To Sleep"
2293,231,"07- About To Sleep"
1877,231,"07- About To Sleep"
2913,231,"07- About To Sleep"
2797,231,"07- About To Sleep"
1016,231,"07- About To Sleep"
512,221,"07- About To Sleep"
342,221,"07- About To Sleep"
3063,221,"07- About To Sleep"
375,221,"07- About To Sleep"
2673,221,"07- About To Sleep"
1805,221,"07- About To Sleep"
31,221,"07- About To Sleep"
612,221,"07- About To Sleep"
3317,221,"07- About To Sleep"
1575,221,"07- About To Sleep"
1654,221,"07- About To Sleep"
3182,221,"07- About To Sleep"
1621,221,"07- About To Sleep"
1309,221,"07- About To Sleep"
3207,221,"07- About To Sleep"
2406,221,"07- About To Sleep"
192,221,"07- About To Sleep"
2324,221,"07- About To Sleep"
1666,221,"07- About To Sleep"
1176,221,"07- About To Sleep"
2178,221,"07- About To Sleep"
3423,221,"07- About To Sleep"
390,221,"07- About To Sleep"
879,221,"07- About To Sleep"
2262,221,"07- About To Sleep"
2781,221,"07- About To Sleep"
2568,221,"07- About To Sleep"
677,221,"07- About To Sleep"
1784,221,"07- About To Sleep"
2196,221,"07- About To Sleep"
1139,221,"07- About To Sleep"
863,221,"07- About To Sleep"
1958,221,"07- About To Sleep"
2483,221,"07- About To Sleep"
810,221,"07- About To Sleep"
1900,221,"07- About To Sleep"
1085,221,"07- About To Sleep"
1278,221,"07- About To Sleep"
3187,221,"07- About To Sleep"
1251,221,"07- About To Sleep"
3101,221,"07- About To Sleep"
2593,221,"07- About To Sleep"
567,221,"07- About To Sleep"
1832,255,"08- At Risk"
3296,255,"08- At Risk"
787,255,"08- At Risk"
2455,255,"08- At Risk"
482,255,"08- At Risk"
2336,255,"08- At Risk"
2587,255,"08- At Risk"
1980,255,"08- At Risk"
712,255,"08- At Risk"
2463,255,"08- At Risk"
938,255,"08- At Risk"
2662,255,"08- At Risk"
773,255,"08- At Risk"
2221,255,"08- At Risk"
3050,255,"08- At Risk"
3387,255,"08- At Risk"
2630,255,"08- At Risk"
2885,255,"08- At Risk"
2989,255,"08- At Risk"
3039,255,"08- At Risk"
2753,255,"08- At Risk"
2144,255,"08- At Risk"
738,255,"08- At Risk"
2001,255,"08- At Risk"
48,255,"08- At Risk"
1482,255,"08- At Risk"
2635,255,"08- At Risk"
1678,255,"08- At Risk"
2894,255,"08- At Risk"
3477,254,"08- At Risk"
1946,254,"08- At Risk"
1200,254,"08- At Risk"
2638,254,"08- At Risk"
1801,254,"08- At Risk"
1936,254,"08- At Risk"
1699,254,"08- At Risk"
2121,254,"08- At Risk"
1307,254,"08- At Risk"
2529,254,"08- At Risk"
54,254,"08- At Risk"
2307,254,"08- At Risk"
166,254,"08- At Risk"
479,254,"08- At Risk"
919,254,"08- At Risk"
638,254,"08- At Risk"
1539,254,"08- At Risk"
2806,254,"08- At Risk"
1641,254,"08- At Risk"
986,254,"08- At Risk"
2640,254,"08- At Risk"
104,254,"08- At Risk"
3417,254,"08- At Risk"
679,254,"08- At Risk"
2861,254,"08- At Risk"
3447,254,"08- At Risk"
1227,254,"08- At Risk"
43,254,"08- At Risk"
1932,254,"08- At Risk"
3304,254,"08- At Risk"
3465,254,"08- At Risk"
608,254,"08- At Risk"
1952,253,"08- At Risk"
2783,253,"08- At Risk"
3093,253,"08- At Risk"
3190,253,"08- At Risk"
3165,253,"08- At Risk"
491,253,"08- At Risk"
2359,253,"08- At Risk"
304,253,"08- At Risk"
125,253,"08- At Risk"
1574,253,"08- At Risk"
1677,253,"08- At Risk"
1177,253,"08- At Risk"
2691,253,"08- At Risk"
1215,253,"08- At Risk"
749,252,"08- At Risk"
1234,252,"08- At Risk"
3334,252,"08- At Risk"
2104,252,"08- At Risk"
1025,252,"08- At Risk"
629,252,"08- At Risk"
944,252,"08- At Risk"
2589,224,"08- At Risk"
3336,245,"08- At Risk"
1157,245,"08- At Risk"
2812,245,"08- At Risk"
2936,245,"08- At Risk"
1168,245,"08- At Risk"
347,245,"08- At Risk"
1793,245,"08- At Risk"
1898,245,"08- At Risk"
1410,245,"08- At Risk"
1725,245,"08- At Risk"
3212,245,"08- At Risk"
3415,245,"08- At Risk"
2891,245,"08- At Risk"
671,245,"08- At Risk"
1971,245,"08- At Risk"
2187,245,"08- At Risk"
2099,245,"08- At Risk"
875,245,"08- At Risk"
1119,245,"08- At Risk"
3450,245,"08- At Risk"
153,245,"08- At Risk"
2474,245,"08- At Risk"
897,245,"08- At Risk"
3134,245,"08- At Risk"
430,245,"08- At Risk"
158,245,"08- At Risk"
3045,245,"08- At Risk"
3273,245,"08- At Risk"
3215,245,"08- At Risk"
1447,245,"08- At Risk"
1287,245,"08- At Risk"
2390,245,"08- At Risk"
1472,245,"08- At Risk"
604,245,"08- At Risk"
1213,245,"08- At Risk"
2188,245,"08- At Risk"
2446,245,"08- At Risk"
2290,245,"08- At Risk"
2294,245,"08- At Risk"
2368,245,"08- At Risk"
2907,245,"08- At Risk"
1528,245,"08- At Risk"
1330,245,"08- At Risk"
893,245,"08- At Risk"
1557,245,"08- At Risk"
1693,245,"08- At Risk"
1808,245,"08- At Risk"
1667,245,"08- At Risk"
299,245,"08- At Risk"
1595,245,"08- At Risk"
283,245,"08- At Risk"
2594,245,"08- At Risk"
3484,245,"08- At Risk"
2142,245,"08- At Risk"
1682,245,"08- At Risk"
3367,245,"08- At Risk"
1572,245,"08- At Risk"
1376,245,"08- At Risk"
2909,245,"08- At Risk"
868,245,"08- At Risk"
2475,245,"08- At Risk"
1875,244,"08- At Risk"
417,244,"08- At Risk"
1514,244,"08- At Risk"
1743,244,"08- At Risk"
2602,244,"08- At Risk"
3087,244,"08- At Risk"
3401,244,"08- At Risk"
619,244,"08- At Risk"
2890,244,"08- At Risk"
1659,244,"08- At Risk"
954,124,"08- At Risk"
1298,124,"08- At Risk"
1036,124,"08- At Risk"
2064,124,"08- At Risk"
1754,124,"08- At Risk"
1005,124,"08- At Risk"
1834,124,"08- At Risk"
3036,124,"08- At Risk"
2605,124,"08- At Risk"
1876,124,"08- At Risk"
2096,124,"08- At Risk"
2116,124,"08- At Risk"
3115,124,"08- At Risk"
2917,124,"08- At Risk"
2093,244,"08- At Risk"
3377,244,"08- At Risk"
468,244,"08- At Risk"
1526,244,"08- At Risk"
463,244,"08- At Risk"
1336,244,"08- At Risk"
2934,244,"08- At Risk"
2472,244,"08- At Risk"
727,244,"08- At Risk"
424,244,"08- At Risk"
763,244,"08- At Risk"
949,244,"08- At Risk"
2940,244,"08- At Risk"
1347,244,"08- At Risk"
3493,244,"08- At Risk"
2570,244,"08- At Risk"
272,244,"08- At Risk"
2569,244,"08- At Risk"
662,244,"08- At Risk"
2207,244,"08- At Risk"
2245,244,"08- At Risk"
3072,244,"08- At Risk"
2881,244,"08- At Risk"
3267,244,"08- At Risk"
311,244,"08- At Risk"
331,244,"08- At Risk"
2164,244,"08- At Risk"
509,244,"08- At Risk"
3145,244,"08- At Risk"
920,244,"08- At Risk"
690,244,"08- At Risk"
2449,244,"08- At Risk"
1337,244,"08- At Risk"
1909,244,"08- At Risk"
1427,244,"08- At Risk"
2041,244,"08- At Risk"
1891,244,"08- At Risk"
2235,244,"08- At Risk"
28,244,"08- At Risk"
138,244,"08- At Risk"
2384,244,"08- At Risk"
2153,244,"08- At Risk"
12,244,"08- At Risk"
1169,244,"08- At Risk"
870,244,"08- At Risk"
585,243,"08- At Risk"
997,243,"08- At Risk"
3409,243,"08- At Risk"
1656,243,"08- At Risk"
3206,243,"08- At Risk"
1665,243,"08- At Risk"
1245,243,"08- At Risk"
1862,243,"08- At Risk"
2576,243,"08- At Risk"
3021,243,"08- At Risk"
1897,243,"08- At Risk"
1727,243,"08- At Risk"
2956,243,"08- At Risk"
3177,242,"08- At Risk"
2233,242,"08- At Risk"
1241,242,"08- At Risk"
3141,242,"08- At Risk"
1840,242,"08- At Risk"
3266,242,"08- At Risk"
1457,242,"08- At Risk"
1640,242,"08- At Risk"
3430,242,"08- At Risk"
1037,242,"08- At Risk"
783,224,"08- At Risk"
1322,224,"08- At Risk"
2355,224,"08- At Risk"
1541,224,"08- At Risk"
743,235,"08- At Risk"
1880,235,"08- At Risk"
866,235,"08- At Risk"
1022,235,"08- At Risk"
2518,235,"08- At Risk"
399,235,"08- At Risk"
1552,235,"08- At Risk"
2139,235,"08- At Risk"
486,235,"08- At Risk"
2679,234,"08- At Risk"
1151,234,"08- At Risk"
6,234,"08- At Risk"
3289,234,"08- At Risk"
1170,234,"08- At Risk"
3276,234,"08- At Risk"
118,234,"08- At Risk"
16,234,"08- At Risk"
2289,234,"08- At Risk"
3230,234,"08- At Risk"
2598,234,"08- At Risk"
1857,234,"08- At Risk"
1927,234,"08- At Risk"
319,234,"08- At Risk"
2311,234,"08- At Risk"
2134,234,"08- At Risk"
2596,234,"08- At Risk"
1436,234,"08- At Risk"
2068,134,"08- At Risk"
3004,134,"08- At Risk"
2782,134,"08- At Risk"
3364,134,"08- At Risk"
300,134,"08- At Risk"
3128,134,"08- At Risk"
2984,134,"08- At Risk"
2272,134,"08- At Risk"
2581,134,"08- At Risk"
3122,134,"08- At Risk"
457,134,"08- At Risk"
2043,134,"08- At Risk"
2889,135,"08- At Risk"
3153,135,"08- At Risk"
2270,135,"08- At Risk"
2938,135,"08- At Risk"
1339,135,"08- At Risk"
909,135,"08- At Risk"
882,135,"08- At Risk"
3381,135,"08- At Risk"
1293,135,"08- At Risk"
1464,142,"08- At Risk"
1321,142,"08- At Risk"
2968,142,"08- At Risk"
2478,142,"08- At Risk"
1089,142,"08- At Risk"
524,142,"08- At Risk"
3094,143,"08- At Risk"
378,143,"08- At Risk"
32,143,"08- At Risk"
242,143,"08- At Risk"
3137,143,"08- At Risk"
1803,143,"08- At Risk"
1647,143,"08- At Risk"
1555,143,"08- At Risk"
2609,143,"08- At Risk"
3342,143,"08- At Risk"
370,143,"08- At Risk"
2664,143,"08- At Risk"
578,143,"08- At Risk"
27,143,"08- At Risk"
2671,143,"08- At Risk"
247,145,"08- At Risk"
2857,145,"08- At Risk"
2388,145,"08- At Risk"
2617,145,"08- At Risk"
841,145,"08- At Risk"
1901,145,"08- At Risk"
294,145,"08- At Risk"
392,145,"08- At Risk"
645,145,"08- At Risk"
2151,145,"08- At Risk"
131,145,"08- At Risk"
2169,145,"08- At Risk"
1661,145,"08- At Risk"
2982,145,"08- At Risk"
1043,145,"08- At Risk"
330,145,"08- At Risk"
2185,145,"08- At Risk"
2275,145,"08- At Risk"
3081,145,"08- At Risk"
2824,145,"08- At Risk"
867,145,"08- At Risk"
1397,145,"08- At Risk"
1138,145,"08- At Risk"
1779,145,"08- At Risk"
2510,145,"08- At Risk"
943,145,"08- At Risk"
620,152,"08- At Risk"
1831,152,"08- At Risk"
2813,133,"08- At Risk"
248,133,"08- At Risk"
1497,133,"08- At Risk"
2553,133,"08- At Risk"
3090,133,"08- At Risk"
449,133,"08- At Risk"
183,133,"08- At Risk"
991,133,"08- At Risk"
2156,133,"08- At Risk"
1060,133,"08- At Risk"
2473,133,"08- At Risk"
411,133,"08- At Risk"
2456,133,"08- At Risk"
413,134,"08- At Risk"
504,153,"08- At Risk"
1117,153,"08- At Risk"
3320,153,"08- At Risk"
3167,224,"08- At Risk"
1508,224,"08- At Risk"
1609,224,"08- At Risk"
2219,224,"08- At Risk"
1556,224,"08- At Risk"
2818,224,"08- At Risk"
35,224,"08- At Risk"
965,224,"08- At Risk"
228,224,"08- At Risk"
257,224,"08- At Risk"
206,224,"08- At Risk"
2180,224,"08- At Risk"
1592,224,"08- At Risk"
1676,224,"08- At Risk"
901,224,"08- At Risk"
967,224,"08- At Risk"
1459,225,"08- At Risk"
569,225,"08- At Risk"
3168,225,"08- At Risk"
2257,224,"08- At Risk"
135,133,"08- At Risk"
3323,133,"08- At Risk"
366,133,"08- At Risk"
674,133,"08- At Risk"
980,133,"08- At Risk"
657,133,"08- At Risk"
443,133,"08- At Risk"
3438,133,"08- At Risk"
1791,133,"08- At Risk"
3489,133,"08- At Risk"
1842,133,"08- At Risk"
3349,133,"08- At Risk"
2941,133,"08- At Risk"
1631,133,"08- At Risk"
238,133,"08- At Risk"
209,133,"08- At Risk"
3109,133,"08- At Risk"
914,133,"08- At Risk"
2133,133,"08- At Risk"
1305,133,"08- At Risk"
3284,133,"08- At Risk"
2777,133,"08- At Risk"
805,133,"08- At Risk"
2715,133,"08- At Risk"
1385,133,"08- At Risk"
232,133,"08- At Risk"
2264,133,"08- At Risk"
541,133,"08- At Risk"
771,133,"08- At Risk"
3498,133,"08- At Risk"
830,133,"08- At Risk"
435,125,"08- At Risk"
1150,125,"08- At Risk"
1348,125,"08- At Risk"
2030,125,"08- At Risk"
2649,124,"08- At Risk"
2759,124,"08- At Risk"
2026,124,"08- At Risk"
3106,124,"08- At Risk"
2983,124,"08- At Risk"
3318,124,"08- At Risk"
2346,124,"08- At Risk"
1889,124,"08- At Risk"
1130,124,"08- At Risk"
3001,124,"08- At Risk"
2928,124,"08- At Risk"
1183,124,"08- At Risk"
1381,124,"08- At Risk"
1568,124,"08- At Risk"
1101,124,"08- At Risk"
2506,124,"08- At Risk"
1689,124,"08- At Risk"
3198,124,"08- At Risk"
1249,124,"08- At Risk"
853,255,"08- At Risk"
3184,255,"08- At Risk"
2140,255,"08- At Risk"
1205,255,"08- At Risk"
2853,255,"08- At Risk"
2353,255,"08- At Risk"
2347,255,"08- At Risk"
3460,255,"08- At Risk"
2572,255,"08- At Risk"
2951,255,"08- At Risk"
426,255,"08- At Risk"
385,255,"08- At Risk"
1093,255,"08- At Risk"
665,255,"08- At Risk"
1619,255,"08- At Risk"
1686,255,"08- At Risk"
2874,255,"08- At Risk"
75,255,"08- At Risk"
963,255,"08- At Risk"
2580,255,"08- At Risk"
1670,255,"08- At Risk"
2718,144,"09- Cannot Lose Them"
596,214,"09- Cannot Lose Them"
2893,214,"09- Cannot Lose Them"
68,214,"09- Cannot Lose Them"
624,214,"09- Cannot Lose Them"
860,214,"09- Cannot Lose Them"
960,214,"09- Cannot Lose Them"
105,214,"09- Cannot Lose Them"
1235,214,"09- Cannot Lose Them"
1243,155,"09- Cannot Lose Them"
1503,155,"09- Cannot Lose Them"
1954,155,"09- Cannot Lose Them"
1992,155,"09- Cannot Lose Them"
3280,155,"09- Cannot Lose Them"
1988,155,"09- Cannot Lose Them"
3003,155,"09- Cannot Lose Them"
97,155,"09- Cannot Lose Them"
1285,155,"09- Cannot Lose Them"
473,155,"09- Cannot Lose Them"
700,155,"09- Cannot Lose Them"
2654,155,"09- Cannot Lose Them"
2610,155,"09- Cannot Lose Them"
3221,155,"09- Cannot Lose Them"
565,155,"09- Cannot Lose Them"
1951,154,"09- Cannot Lose Them"
469,154,"09- Cannot Lose Them"
369,154,"09- Cannot Lose Them"
1533,154,"09- Cannot Lose Them"
905,154,"09- Cannot Lose Them"
3432,154,"09- Cannot Lose Them"
3113,154,"09- Cannot Lose Them"
924,154,"09- Cannot Lose Them"
525,154,"09- Cannot Lose Them"
343,154,"09- Cannot Lose Them"
1959,154,"09- Cannot Lose Them"
1637,154,"09- Cannot Lose Them"
196,154,"09- Cannot Lose Them"
467,144,"09- Cannot Lose Them"
65,144,"09- Cannot Lose Them"
1908,144,"09- Cannot Lose Them"
598,144,"09- Cannot Lose Them"
18,144,"09- Cannot Lose Them"
2562,144,"09- Cannot Lose Them"
1849,144,"09- Cannot Lose Them"
976,144,"09- Cannot Lose Them"
361,144,"09- Cannot Lose Them"
325,144,"09- Cannot Lose Them"
1964,144,"09- Cannot Lose Them"
508,144,"09- Cannot Lose Them"
495,144,"09- Cannot Lose Them"
2656,144,"09- Cannot Lose Them"
2061,144,"09- Cannot Lose Them"
3268,144,"09- Cannot Lose Them"
2513,144,"09- Cannot Lose Them"
1147,144,"09- Cannot Lose Them"
462,144,"09- Cannot Lose Them"
2080,144,"09- Cannot Lose Them"
1004,144,"09- Cannot Lose Them"
791,144,"09- Cannot Lose Them"
275,144,"09- Cannot Lose Them"
1882,144,"09- Cannot Lose Them"
1726,144,"09- Cannot Lose Them"
2655,144,"09- Cannot Lose Them"
3135,144,"09- Cannot Lose Them"
865,144,"09- Cannot Lose Them"
528,144,"09- Cannot Lose Them"
3237,144,"09- Cannot Lose Them"
2058,144,"09- Cannot Lose Them"
1746,144,"09- Cannot Lose Them"
406,144,"09- Cannot Lose Them"
3461,144,"09- Cannot Lose Them"
2225,114,"09- Cannot Lose Them"
555,114,"09- Cannot Lose Them"
2411,114,"09- Cannot Lose Them"
2588,114,"09- Cannot Lose Them"
1266,114,"09- Cannot Lose Them"
1563,113,"09- Cannot Lose Them"
111,113,"09- Cannot Lose Them"
2091,113,"09- Cannot Lose Them"
855,113,"09- Cannot Lose Them"
2600,113,"09- Cannot Lose Them"
2754,113,"09- Cannot Lose Them"
194,113,"09- Cannot Lose Them"
1437,113,"09- Cannot Lose Them"
121,113,"09- Cannot Lose Them"
2745,113,"09- Cannot Lose Them"
659,113,"09- Cannot Lose Them"
1386,113,"09- Cannot Lose Them"
244,113,"09- Cannot Lose Them"
3102,113,"09- Cannot Lose Them"
881,113,"09- Cannot Lose Them"
2657,113,"09- Cannot Lose Them"
2321,113,"09- Cannot Lose Them"
1562,113,"09- Cannot Lose Them"
3005,113,"09- Cannot Lose Them"
19,113,"09- Cannot Lose Them"
3059,113,"09- Cannot Lose Them"
1017,113,"09- Cannot Lose Them"
1679,113,"09- Cannot Lose Them"
1596,113,"09- Cannot Lose Them"
2327,113,"09- Cannot Lose Them"
2517,113,"09- Cannot Lose Them"
2429,113,"09- Cannot Lose Them"
1675,113,"09- Cannot Lose Them"
2757,113,"09- Cannot Lose Them"
3192,113,"09- Cannot Lose Them"
1392,113,"09- Cannot Lose Them"
1380,113,"09- Cannot Lose Them"
1458,113,"09- Cannot Lose Them"
531,232,"10- Hibernating"
3439,232,"10- Hibernating"
2965,232,"10- Hibernating"
1469,232,"10- Hibernating"
1324,232,"10- Hibernating"
83,232,"10- Hibernating"
1904,212,"10- Hibernating"
455,212,"10- Hibernating"
1768,212,"10- Hibernating"
2834,212,"10- Hibernating"
623,212,"10- Hibernating"
2342,212,"10- Hibernating"
3069,212,"10- Hibernating"
571,212,"10- Hibernating"
2900,212,"10- Hibernating"
510,212,"10- Hibernating"
895,212,"10- Hibernating"
1212,212,"10- Hibernating"
1391,212,"10- Hibernating"
3456,212,"10- Hibernating"
3097,212,"10- Hibernating"
880,212,"10- Hibernating"
441,212,"10- Hibernating"
63,212,"10- Hibernating"
1590,212,"10- Hibernating"
1756,212,"10- Hibernating"
3099,212,"10- Hibernating"
1749,212,"10- Hibernating"
2265,212,"10- Hibernating"
2742,212,"10- Hibernating"
3171,212,"10- Hibernating"
2047,212,"10- Hibernating"
846,212,"10- Hibernating"
702,212,"10- Hibernating"
130,212,"10- Hibernating"
1981,212,"10- Hibernating"
2644,212,"10- Hibernating"
2216,212,"10- Hibernating"
1789,212,"10- Hibernating"
3492,212,"10- Hibernating"
2002,212,"10- Hibernating"
3457,212,"10- Hibernating"
169,211,"10- Hibernating"
1604,211,"10- Hibernating"
2348,211,"10- Hibernating"
1865,211,"10- Hibernating"
3397,211,"10- Hibernating"
3161,211,"10- Hibernating"
2809,211,"10- Hibernating"
1206,211,"10- Hibernating"
503,211,"10- Hibernating"
1325,211,"10- Hibernating"
1201,211,"10- Hibernating"
780,211,"10- Hibernating"
2394,211,"10- Hibernating"
1202,211,"10- Hibernating"
3233,211,"10- Hibernating"
2200,211,"10- Hibernating"
2758,211,"10- Hibernating"
3428,211,"10- Hibernating"
764,211,"10- Hibernating"
2402,211,"10- Hibernating"
1255,211,"10- Hibernating"
1955,211,"10- Hibernating"
1284,211,"10- Hibernating"
2790,211,"10- Hibernating"
2962,211,"10- Hibernating"
1939,211,"10- Hibernating"
1424,211,"10- Hibernating"
1230,211,"10- Hibernating"
698,211,"10- Hibernating"
301,211,"10- Hibernating"
2950,211,"10- Hibernating"
493,211,"10- Hibernating"
3362,211,"10- Hibernating"
1962,211,"10- Hibernating"
2784,211,"10- Hibernating"
1922,211,"10- Hibernating"
1283,211,"10- Hibernating"
1543,211,"10- Hibernating"
3392,211,"10- Hibernating"
535,211,"10- Hibernating"
1146,211,"10- Hibernating"
3396,211,"10- Hibernating"
96,211,"10- Hibernating"
358,211,"10- Hibernating"
2688,211,"10- Hibernating"
3194,211,"10- Hibernating"
2334,211,"10- Hibernating"
282,211,"10- Hibernating"
1920,211,"10- Hibernating"
992,211,"10- Hibernating"
3466,211,"10- Hibernating"
1521,211,"10- Hibernating"
755,211,"10- Hibernating"
2040,211,"10- Hibernating"
3308,211,"10- Hibernating"
3321,211,"10- Hibernating"
1248,211,"10- Hibernating"
1281,211,"10- Hibernating"
1268,211,"10- Hibernating"
474,211,"10- Hibernating"
1395,211,"10- Hibernating"
3019,211,"10- Hibernating"
3144,211,"10- Hibernating"
961,211,"10- Hibernating"
2107,211,"10- Hibernating"
2395,211,"10- Hibernating"
1352,211,"10- Hibernating"
2086,211,"10- Hibernating"
162,211,"10- Hibernating"
1911,211,"10- Hibernating"
3281,211,"10- Hibernating"
2423,211,"10- Hibernating"
170,211,"10- Hibernating"
734,211,"10- Hibernating"
2516,211,"10- Hibernating"
2442,233,"10- Hibernating"
2924,233,"10- Hibernating"
384,233,"10- Hibernating"
2424,233,"10- Hibernating"
2162,322,"10- Hibernating"
609,322,"10- Hibernating"
1894,322,"10- Hibernating"
1019,322,"10- Hibernating"
581,322,"10- Hibernating"
3469,322,"10- Hibernating"
1009,322,"10- Hibernating"
1799,322,"10- Hibernating"
1739,322,"10- Hibernating"
896,322,"10- Hibernating"
3269,322,"10- Hibernating"
1118,322,"10- Hibernating"
2578,322,"10- Hibernating"
3035,322,"10- Hibernating"
519,322,"10- Hibernating"
38,322,"10- Hibernating"
459,322,"10- Hibernating"
2584,322,"10- Hibernating"
181,322,"10- Hibernating"
842,322,"10- Hibernating"
1142,322,"10- Hibernating"
1919,322,"10- Hibernating"
2756,322,"10- Hibernating"
3328,322,"10- Hibernating"
241,322,"10- Hibernating"
2118,132,"10- Hibernating"
1463,132,"10- Hibernating"
2249,132,"10- Hibernating"
2123,132,"10- Hibernating"
73,132,"10- Hibernating"
389,132,"10- Hibernating"
269,132,"10- Hibernating"
1976,132,"10- Hibernating"
3500,132,"10- Hibernating"
3340,132,"10- Hibernating"
348,132,"10- Hibernating"
98,132,"10- Hibernating"
3441,132,"10- Hibernating"
349,132,"10- Hibernating"
2512,132,"10- Hibernating"
3483,132,"10- Hibernating"
1542,132,"10- Hibernating"
3333,132,"10- Hibernating"
514,132,"10- Hibernating"
1995,132,"10- Hibernating"
2524,132,"10- Hibernating"
2663,132,"10- Hibernating"
2869,132,"10- Hibernating"
1069,132,"10- Hibernating"
761,132,"10- Hibernating"
2208,132,"10- Hibernating"
2491,132,"10- Hibernating"
489,132,"10- Hibernating"
2646,132,"10- Hibernating"
1048,132,"10- Hibernating"
1823,132,"10- Hibernating"
1968,132,"10- Hibernating"
1513,132,"10- Hibernating"
1430,132,"10- Hibernating"
3384,132,"10- Hibernating"
1766,132,"10- Hibernating"
2549,322,"10- Hibernating"
3412,322,"10- Hibernating"
3291,322,"10- Hibernating"
522,322,"10- Hibernating"
2776,322,"10- Hibernating"
1225,322,"10- Hibernating"
1717,322,"10- Hibernating"
288,322,"10- Hibernating"
231,322,"10- Hibernating"
838,322,"10- Hibernating"
1869,322,"10- Hibernating"
2373,322,"10- Hibernating"
2298,322,"10- Hibernating"
2626,322,"10- Hibernating"
3366,322,"10- Hibernating"
889,322,"10- Hibernating"
813,332,"10- Hibernating"
3313,332,"10- Hibernating"
1163,332,"10- Hibernating"
958,332,"10- Hibernating"
3111,332,"10- Hibernating"
334,332,"10- Hibernating"
2073,332,"10- Hibernating"
219,332,"10- Hibernating"
1046,332,"10- Hibernating"
414,332,"10- Hibernating"
2227,332,"10- Hibernating"
2563,332,"10- Hibernating"
2931,332,"10- Hibernating"
542,332,"10- Hibernating"
1902,332,"10- Hibernating"
1929,332,"10- Hibernating"
2010,332,"10- Hibernating"
3301,332,"10- Hibernating"
1366,332,"10- Hibernating"
46,332,"10- Hibernating"
562,332,"10- Hibernating"
2259,123,"10- Hibernating"
1998,123,"10- Hibernating"
2819,123,"10- Hibernating"
1296,123,"10- Hibernating"
2435,123,"10- Hibernating"
1800,123,"10- Hibernating"
942,123,"10- Hibernating"
502,123,"10- Hibernating"
551,123,"10- Hibernating"
129,123,"10- Hibernating"
1369,123,"10- Hibernating"
2430,123,"10- Hibernating"
847,123,"10- Hibernating"
284,123,"10- Hibernating"
2404,123,"10- Hibernating"
3403,123,"10- Hibernating"
2678,123,"10- Hibernating"
913,123,"10- Hibernating"
123,123,"10- Hibernating"
978,123,"10- Hibernating"
2948,123,"10- Hibernating"
646,123,"10- Hibernating"
427,123,"10- Hibernating"
641,123,"10- Hibernating"
400,123,"10- Hibernating"
709,123,"10- Hibernating"
2858,123,"10- Hibernating"
2356,123,"10- Hibernating"
2503,123,"10- Hibernating"
1535,123,"10- Hibernating"
3347,123,"10- Hibernating"
3046,123,"10- Hibernating"
1280,123,"10- Hibernating"
2551,123,"10- Hibernating"
1267,123,"10- Hibernating"
2852,122,"10- Hibernating"
3437,122,"10- Hibernating"
2827,122,"10- Hibernating"
3458,122,"10- Hibernating"
3010,122,"10- Hibernating"
1843,122,"10- Hibernating"
2825,122,"10- Hibernating"
3029,122,"10- Hibernating"
3429,122,"10- Hibernating"
1412,122,"10- Hibernating"
3270,122,"10- Hibernating"
1499,122,"10- Hibernating"
781,122,"10- Hibernating"
3079,122,"10- Hibernating"
422,122,"10- Hibernating"
1127,122,"10- Hibernating"
1162,122,"10- Hibernating"
3435,122,"10- Hibernating"
128,122,"10- Hibernating"
2148,122,"10- Hibernating"
2025,122,"10- Hibernating"
848,122,"10- Hibernating"
3051,122,"10- Hibernating"
2724,122,"10- Hibernating"
2006,122,"10- Hibernating"
3471,122,"10- Hibernating"
1002,122,"10- Hibernating"
2173,122,"10- Hibernating"
1040,122,"10- Hibernating"
3490,122,"10- Hibernating"
1772,122,"10- Hibernating"
1948,122,"10- Hibernating"
1598,122,"10- Hibernating"
1394,122,"10- Hibernating"
2628,122,"10- Hibernating"
544,122,"10- Hibernating"
113,122,"10- Hibernating"
1149,122,"10- Hibernating"
448,122,"10- Hibernating"
3053,122,"10- Hibernating"
643,122,"10- Hibernating"
2039,122,"10- Hibernating"
1270,122,"10- Hibernating"
3076,122,"10- Hibernating"
2065,122,"10- Hibernating"
713,122,"10- Hibernating"
3496,122,"10- Hibernating"
1708,122,"10- Hibernating"
574,122,"10- Hibernating"
994,332,"10- Hibernating"
1279,332,"10- Hibernating"
686,332,"10- Hibernating"
2232,332,"10- Hibernating"
2405,332,"10- Hibernating"
1107,332,"10- Hibernating"
2087,332,"10- Hibernating"
1096,332,"10- Hibernating"
1771,332,"10- Hibernating"
1582,332,"10- Hibernating"
323,332,"10- Hibernating"
1349,332,"10- Hibernating"
2158,332,"10- Hibernating"
15,332,"10- Hibernating"
2192,332,"10- Hibernating"
1614,332,"10- Hibernating"
2415,332,"10- Hibernating"
2490,332,"10- Hibernating"
1420,332,"10- Hibernating"
746,332,"10- Hibernating"
1710,222,"10- Hibernating"
416,222,"10- Hibernating"
2567,222,"10- Hibernating"
1260,222,"10- Hibernating"
1114,222,"10- Hibernating"
386,222,"10- Hibernating"
1180,222,"10- Hibernating"
2305,222,"10- Hibernating"
2939,222,"10- Hibernating"
762,222,"10- Hibernating"
2898,222,"10- Hibernating"
1462,222,"10- Hibernating"
2246,222,"10- Hibernating"
1401,222,"10- Hibernating"
107,222,"10- Hibernating"
1977,222,"10- Hibernating"
1871,222,"10- Hibernating"
616,222,"10- Hibernating"
2700,222,"10- Hibernating"
2220,222,"10- Hibernating"
2066,222,"10- Hibernating"
1732,222,"10- Hibernating"
3009,222,"10- Hibernating"
2333,222,"10- Hibernating"
1479,222,"10- Hibernating"
3474,222,"10- Hibernating"
1364,222,"10- Hibernating"
1859,222,"10- Hibernating"
1553,222,"10- Hibernating"
356,222,"10- Hibernating"
2487,222,"10- Hibernating"
740,222,"10- Hibernating"
678,222,"10- Hibernating"
836,222,"10- Hibernating"
3311,222,"10- Hibernating"
1490,222,"10- Hibernating"
1573,222,"10- Hibernating"
456,222,"10- Hibernating"
663,222,"10- Hibernating"
1566,222,"10- Hibernating"
243,222,"10- Hibernating"
2973,222,"10- Hibernating"
1642,222,"10- Hibernating"
114,222,"10- Hibernating"
888,222,"10- Hibernating"
2625,222,"10- Hibernating"
2163,222,"10- Hibernating"
2866,223,"10- Hibernating"
947,223,"10- Hibernating"
732,223,"10- Hibernating"
3380,223,"10- Hibernating"
3107,223,"10- Hibernating"
3138,223,"10- Hibernating"
2119,223,"10- Hibernating"
1960,223,"10- Hibernating"
268,223,"10- Hibernating"
1852,223,"10- Hibernating"
1439,223,"10- Hibernating"
3398,223,"10- Hibernating"
3294,223,"10- Hibernating"
492,223,"10- Hibernating"
757,223,"10- Hibernating"
2504,223,"10- Hibernating"
711,223,"10- Hibernating"
2322,223,"10- Hibernating"
722,223,"10- Hibernating"
1888,223,"10- Hibernating"
1377,223,"10- Hibernating"
150,223,"10- Hibernating"
2583,223,"10- Hibernating"
1247,223,"10- Hibernating"
2141,223,"10- Hibernating"
1940,223,"10- Hibernating"
1208,223,"10- Hibernating"
1816,223,"10- Hibernating"
807,223,"10- Hibernating"
265,223,"10- Hibernating"
2244,232,"10- Hibernating"
2407,232,"10- Hibernating"
2016,232,"10- Hibernating"
3213,232,"10- Hibernating"
1198,232,"10- Hibernating"
3083,232,"10- Hibernating"
1662,232,"10- Hibernating"
1256,232,"10- Hibernating"
1474,232,"10- Hibernating"
2267,232,"10- Hibernating"
3418,232,"10- Hibernating"
1075,232,"10- Hibernating"
803,232,"10- Hibernating"
2078,232,"10- Hibernating"
175,232,"10- Hibernating"
2699,232,"10- Hibernating"
1874,232,"10- Hibernating"
1742,232,"10- Hibernating"
959,232,"10- Hibernating"
1320,232,"10- Hibernating"
3026,232,"10- Hibernating"
2722,232,"10- Hibernating"
597,232,"10- Hibernating"
664,232,"10- Hibernating"
3376,232,"10- Hibernating"
540,232,"10- Hibernating"
240,232,"10- Hibernating"
3434,232,"10- Hibernating"
2577,232,"10- Hibernating"
3271,232,"10- Hibernating"
2253,232,"10- Hibernating"
3246,232,"10- Hibernating"
9,232,"10- Hibernating"
1899,232,"10- Hibernating"
2150,232,"10- Hibernating"
229,232,"10- Hibernating"
3453,232,"10- Hibernating"
3205,232,"10- Hibernating"
1375,232,"10- Hibernating"
3245,232,"10- Hibernating"
1065,233,"10- Hibernating"
3068,233,"10- Hibernating"
3075,233,"10- Hibernating"
3116,233,"10- Hibernating"
82,233,"10- Hibernating"
2299,233,"10- Hibernating"
2174,233,"10- Hibernating"
439,233,"10- Hibernating"
602,233,"10- Hibernating"
1807,233,"10- Hibernating"
3114,233,"10- Hibernating"
2494,233,"10- Hibernating"
2049,233,"10- Hibernating"
1782,233,"10- Hibernating"
1501,332,"10- Hibernating"
1660,233,"10- Hibernating"
3369,233,"10- Hibernating"
336,233,"10- Hibernating"
779,233,"10- Hibernating"
2953,233,"10- Hibernating"
2991,233,"10- Hibernating"
1915,233,"10- Hibernating"
2371,233,"10- Hibernating"
800,233,"10- Hibernating"
88,233,"10- Hibernating"
547,233,"10- Hibernating"
2925,233,"10- Hibernating"
3250,233,"10- Hibernating"
2604,233,"10- Hibernating"
658,233,"10- Hibernating"
1652,233,"10- Hibernating"
354,233,"10- Hibernating"
1657,233,"10- Hibernating"
2034,233,"10- Hibernating"
2930,233,"10- Hibernating"
1735,233,"10- Hibernating"
1220,233,"10- Hibernating"
1372,233,"10- Hibernating"
1777,233,"10- Hibernating"
2613,233,"10- Hibernating"
931,233,"10- Hibernating"
802,233,"10- Hibernating"
2675,233,"10- Hibernating"
159,233,"10- Hibernating"
1546,233,"10- Hibernating"
2667,233,"10- Hibernating"
2177,233,"10- Hibernating"
252,233,"10- Hibernating"
1418,233,"10- Hibernating"
2711,233,"10- Hibernating"
3164,233,"10- Hibernating"
1013,233,"10- Hibernating"
2830,233,"10- Hibernating"
644,111,"11- Lost customers"
754,111,"11- Lost customers"
3348,111,"11- Lost customers"
78,111,"11- Lost customers"
1173,111,"11- Lost customers"
1269,111,"11- Lost customers"
1053,111,"11- Lost customers"
3272,111,"11- Lost customers"
1387,111,"11- Lost customers"
1620,111,"11- Lost customers"
120,111,"11- Lost customers"
1365,111,"11- Lost customers"
2911,111,"11- Lost customers"
2431,111,"11- Lost customers"
1175,111,"11- Lost customers"
2303,111,"11- Lost customers"
2003,111,"11- Lost customers"
591,111,"11- Lost customers"
264,111,"11- Lost customers"
2291,111,"11- Lost customers"
3235,111,"11- Lost customers"
2416,111,"11- Lost customers"
521,111,"11- Lost customers"
373,111,"11- Lost customers"
751,111,"11- Lost customers"
1164,111,"11- Lost customers"
1978,111,"11- Lost customers"
341,111,"11- Lost customers"
3037,111,"11- Lost customers"
2157,111,"11- Lost customers"
2532,111,"11- Lost customers"
618,111,"11- Lost customers"
1276,111,"11- Lost customers"
1271,111,"11- Lost customers"
2398,111,"11- Lost customers"
988,111,"11- Lost customers"
922,111,"11- Lost customers"
1712,111,"11- Lost customers"
930,111,"11- Lost customers"
1097,111,"11- Lost customers"
2807,111,"11- Lost customers"
2744,111,"11- Lost customers"
2634,111,"11- Lost customers"
2326,111,"11- Lost customers"
2147,111,"11- Lost customers"
326,111,"11- Lost customers"
774,111,"11- Lost customers"
2211,111,"11- Lost customers"
1064,111,"11- Lost customers"
191,111,"11- Lost customers"
2896,111,"11- Lost customers"
146,111,"11- Lost customers"
2145,111,"11- Lost customers"
845,111,"11- Lost customers"
3092,111,"11- Lost customers"
1010,111,"11- Lost customers"
4,111,"11- Lost customers"
1099,111,"11- Lost customers"
2902,111,"11- Lost customers"
2835,111,"11- Lost customers"
71,111,"11- Lost customers"
2486,111,"11- Lost customers"
1757,111,"11- Lost customers"
1338,111,"11- Lost customers"
2482,111,"11- Lost customers"
1067,111,"11- Lost customers"
2328,111,"11- Lost customers"
2704,111,"11- Lost customers"
2255,111,"11- Lost customers"
1448,111,"11- Lost customers"
2403,111,"11- Lost customers"
3279,111,"11- Lost customers"
1334,111,"11- Lost customers"
393,111,"11- Lost customers"
2739,111,"11- Lost customers"
1011,111,"11- Lost customers"
1828,111,"11- Lost customers"
1673,111,"11- Lost customers"
415,111,"11- Lost customers"
278,111,"11- Lost customers"
575,111,"11- Lost customers"
3073,111,"11- Lost customers"
1819,111,"11- Lost customers"
7,111,"11- Lost customers"
1626,111,"11- Lost customers"
1034,111,"11- Lost customers"
494,111,"11- Lost customers"
487,111,"11- Lost customers"
157,111,"11- Lost customers"
2129,111,"11- Lost customers"
2895,111,"11- Lost customers"
1529,111,"11- Lost customers"
26,111,"11- Lost customers"
379,111,"11- Lost customers"
812,111,"11- Lost customers"
2089,111,"11- Lost customers"
161,111,"11- Lost customers"
2287,111,"11- Lost customers"
2974,111,"11- Lost customers"
2437,111,"11- Lost customers"
164,111,"11- Lost customers"
3292,111,"11- Lost customers"
2979,111,"11- Lost customers"
1856,111,"11- Lost customers"
1943,111,"11- Lost customers"
2135,111,"11- Lost customers"
60,111,"11- Lost customers"
1658,121,"11- Lost customers"
1051,121,"11- Lost customers"
3243,121,"11- Lost customers"
67,121,"11- Lost customers"
890,121,"11- Lost customers"
2725,121,"11- Lost customers"
1141,121,"11- Lost customers"
1238,121,"11- Lost customers"
2059,121,"11- Lost customers"
3070,121,"11- Lost customers"
1520,121,"11- Lost customers"
2228,121,"11- Lost customers"
3449,121,"11- Lost customers"
2666,121,"11- Lost customers"
778,121,"11- Lost customers"
1892,121,"11- Lost customers"
584,121,"11- Lost customers"
1211,121,"11- Lost customers"
3023,121,"11- Lost customers"
1228,121,"11- Lost customers"
1465,121,"11- Lost customers"
2798,121,"11- Lost customers"
2519,121,"11- Lost customers"
1635,121,"11- Lost customers"
3218,121,"11- Lost customers"
501,121,"11- Lost customers"
3442,121,"11- Lost customers"
1092,121,"11- Lost customers"
3071,121,"11- Lost customers"
2863,111,"11- Lost customers"
274,111,"11- Lost customers"
302,111,"11- Lost customers"
910,111,"11- Lost customers"
2882,111,"11- Lost customers"
1058,111,"11- Lost customers"
811,111,"11- Lost customers"
1350,111,"11- Lost customers"
1786,111,"11- Lost customers"
2011,111,"11- Lost customers"
956,111,"11- Lost customers"
998,111,"11- Lost customers"
2337,111,"11- Lost customers"
2802,111,"11- Lost customers"
3179,111,"11- Lost customers"
872,111,"11- Lost customers"
1836,111,"11- Lost customers"
2876,111,"11- Lost customers"
2224,111,"11- Lost customers"
948,111,"11- Lost customers"
2926,121,"11- Lost customers"
552,121,"11- Lost customers"
2690,121,"11- Lost customers"
592,121,"11- Lost customers"
1907,121,"11- Lost customers"
2720,121,"11- Lost customers"
42,121,"11- Lost customers"
1747,121,"11- Lost customers"
3491,121,"11- Lost customers"
2716,121,"11- Lost customers"
741,121,"11- Lost customers"
1416,121,"11- Lost customers"
2849,121,"11- Lost customers"
3066,121,"11- Lost customers"
1724,121,"11- Lost customers"
670,121,"11- Lost customers"
518,111,"11- Lost customers"
332,111,"11- Lost customers"
2209,111,"11- Lost customers"
1846,111,"11- Lost customers"
1544,111,"11- Lost customers"
2393,111,"11- Lost customers"
1796,111,"11- Lost customers"
3416,111,"11- Lost customers"
3091,111,"11- Lost customers"
1716,111,"11- Lost customers"
2197,111,"11- Lost customers"
2256,111,"11- Lost customers"
822,111,"11- Lost customers"
1083,111,"11- Lost customers"
1066,111,"11- Lost customers"
2242,111,"11- Lost customers"
2525,111,"11- Lost customers"
3234,111,"11- Lost customers"
2035,111,"11- Lost customers"
3033,111,"11- Lost customers"
1560,111,"11- Lost customers"
271,111,"11- Lost customers"
3040,111,"11- Lost customers"
2870,111,"11- Lost customers"
1441,111,"11- Lost customers"
1744,111,"11- Lost customers"
1112,111,"11- Lost customers"
898,111,"11- Lost customers"
1851,111,"11- Lost customers"
1975,111,"11- Lost customers"
2978,111,"11- Lost customers"
837,111,"11- Lost customers"
2612,111,"11- Lost customers"
1715,111,"11- Lost customers"
1055,111,"11- Lost customers"
784,111,"11- Lost customers"
190,111,"11- Lost customers"
1109,111,"11- Lost customers"
595,112,"11- Lost customers"
2959,112,"11- Lost customers"
1778,112,"11- Lost customers"
1209,112,"11- Lost customers"
3424,112,"11- Lost customers"
1433,112,"11- Lost customers"
2186,112,"11- Lost customers"
1275,131,"11- Lost customers"
2167,131,"11- Lost customers"
423,131,"11- Lost customers"
2496,131,"11- Lost customers"
2131,131,"11- Lost customers"
2350,131,"11- Lost customers"
3454,131,"11- Lost customers"
3188,131,"11- Lost customers"
1966,131,"11- Lost customers"
1692,131,"11- Lost customers"
2234,131,"11- Lost customers"
2315,131,"11- Lost customers"
1154,131,"11- Lost customers"
286,112,"11- Lost customers"
152,112,"11- Lost customers"
2,112,"11- Lost customers"
715,112,"11- Lost customers"
141,112,"11- Lost customers"
1896,112,"11- Lost customers"
1491,112,"11- Lost customers"
3414,112,"11- Lost customers"
530,112,"11- Lost customers"
3025,112,"11- Lost customers"
3260,112,"11- Lost customers"
1135,112,"11- Lost customers"
808,112,"11- Lost customers"
2964,112,"11- Lost customers"
1382,112,"11- Lost customers"
2975,112,"11- Lost customers"
3078,112,"11- Lost customers"
1704,112,"11- Lost customers"
1362,112,"11- Lost customers"
2545,112,"11- Lost customers"
1231,112,"11- Lost customers"
708,112,"11- Lost customers"
972,112,"11- Lost customers"
2499,112,"11- Lost customers"
1360,112,"11- Lost customers"
1605,112,"11- Lost customers"
3354,112,"11- Lost customers"
2721,112,"11- Lost customers"
1246,112,"11- Lost customers"
1045,112,"11- Lost customers"
212,112,"11- Lost customers"
927,112,"11- Lost customers"
1680,112,"11- Lost customers"
77,112,"11- Lost customers"
3162,112,"11- Lost customers"
573,112,"11- Lost customers"
600,112,"11- Lost customers"
2521,112,"11- Lost customers"
2323,112,"11- Lost customers"
2792,112,"11- Lost customers"
2077,112,"11- Lost customers"
3410,112,"11- Lost customers"
1257,112,"11- Lost customers"
2873,112,"11- Lost customers"
3175,112,"11- Lost customers"
622,112,"11- Lost customers"
207,112,"11- Lost customers"
2238,112,"11- Lost customers"
2420,112,"11- Lost customers"
2829,112,"11- Lost customers"
226,111,"11- Lost customers"
434,111,"11- Lost customers"
306,111,"11- Lost customers"
1294,111,"11- Lost customers"
2706,111,"11- Lost customers"
1403,111,"11- Lost customers"
2271,111,"11- Lost customers"
3041,111,"11- Lost customers"
1945,111,"11- Lost customers"
2090,111,"11- Lost customers"
36,111,"11- Lost customers"
2828,111,"11- Lost customers"
1160,111,"11- Lost customers"
1434,111,"11- Lost customers"
3180,111,"11- Lost customers"
557,111,"11- Lost customers"
1632,111,"11- Lost customers"
431,111,"11- Lost customers"
2250,111,"11- Lost customers"
801,111,"11- Lost customers"
2387,111,"11- Lost customers"
2735,111,"11- Lost customers"
2243,111,"11- Lost customers"
2547,111,"11- Lost customers"
163,111,"11- Lost customers"
1023,111,"11- Lost customers"
